customer_first_name,customer_full_name,customer_gender,customer_id,customer_last_name,customer_phone,email
Elyssa,Elyssa Underwood,FEMALE,27,Underwood,,elyssa@underwood-family.zzz
Abd,Abd Sutton,MALE,52,Sutton,,abd@sutton-family.zzz
Wilhemina St.,Wilhemina St. Tran,FEMALE,17,Tran,,wilhemina st.@tran-family.zzz
Rabbia Al,Rabbia Al Baker,FEMALE,5,Baker,,rabbia al@baker-family.zzz
Mary,Mary Bailey,FEMALE,20,Bailey,,mary@bailey-family.zzz
Betty,Betty Dawson,FEMALE,44,Dawson,,betty@dawson-family.zzz
Brigitte,Brigitte Morris,FEMALE,12,Morris,,brigitte@morris-family.zzz
Selena,Selena Bryant,FEMALE,42,Bryant,,selena@bryant-family.zzz
Yasmine,Yasmine Haynes,FEMALE,43,Haynes,,yasmine@haynes-family.zzz
rania,rania Padilla,FEMALE,24,Padilla,,rania@padilla-family.zzz
Pia,Pia Richards,FEMALE,45,Richards,,pia@richards-family.zzz
Clarice,Clarice Hardy,FEMALE,18,Hardy,,clarice@hardy-family.zzz
Abigail,Abigail Hampton,FEMALE,46,Hampton,,abigail@hampton-family.zzz
Gwen,Gwen Butler,FEMALE,26,Butler,,gwen@butler-family.zzz
Stephanie,Stephanie Franklin,FEMALE,6,Franklin,,stephanie@franklin-family.zzz
Jackson,Jackson Cook,MALE,13,Cook,,jackson@cook-family.zzz
Diane,Diane Chandler,FEMALE,22,Chandler,,diane@chandler-family.zzz
Sultan Al,Sultan Al Pratt,MALE,19,Pratt,,sultan al@pratt-family.zzz
Sonya,Sonya Foster,FEMALE,28,Foster,,sonya@foster-family.zzz
Tariq,Tariq Dixon,MALE,25,Dixon,,tariq@dixon-family.zzz
Eddie,Eddie Underwood,MALE,38,Underwood,,eddie@underwood-family.zzz
Samir,Samir Goodwin,MALE,34,Goodwin,,samir@goodwin-family.zzz
Robbie,Robbie Wells,MALE,48,Wells,,robbie@wells-family.zzz
Yahya,Yahya Rivera,MALE,23,Rivera,,yahya@rivera-family.zzz
Wagdi,Wagdi Kim,MALE,15,Kim,,wagdi@kim-family.zzz
Fitzgerald,Fitzgerald Benson,MALE,11,Benson,,fitzgerald@benson-family.zzz
Boris,Boris Maldonado,MALE,36,Maldonado,,boris@maldonado-family.zzz
Irwin,Irwin Shaw,MALE,14,Shaw,,irwin@shaw-family.zzz
Jim,Jim Mullins,MALE,41,Mullins,,jim@mullins-family.zzz
Hicham,Hicham Shaw,MALE,8,Shaw,,hicham@shaw-family.zzz
Thad,Thad Hansen,MALE,30,Hansen,,thad@hansen-family.zzz
Kamal,Kamal Jenkins,MALE,39,Jenkins,,kamal@jenkins-family.zzz
Mostafa,Mostafa Shaw,MALE,9,Shaw,,mostafa@shaw-family.zzz
Robert,Robert Weber,MALE,29,Weber,,robert@weber-family.zzz
Frances,Frances Wood,FEMALE,49,Wood,,frances@wood-family.zzz
George,George Hubbard,MALE,32,Hubbard,,george@hubbard-family.zzz
Jason,Jason Jacobs,MALE,16,Jacobs,,jason@jacobs-family.zzz
Abdulraheem Al,Abdulraheem Al Mullins,MALE,33,Mullins,,abdulraheem al@mullins-family.zzz
Marwan,Marwan Wood,MALE,51,Wood,,marwan@wood-family.zzz
Ahmed Al,Ahmed Al Sutton,MALE,4,Sutton,,ahmed al@sutton-family.zzz
Recip,Recip Gregory,MALE,10,Gregory,,recip@gregory-family.zzz
Muniz,Muniz Riley,MALE,37,Riley,,muniz@riley-family.zzz
Oliver,Oliver Rios,MALE,7,Rios,,oliver@rios-family.zzz
Youssef,Youssef Moss,MALE,31,Moss,,youssef@moss-family.zzz
Phil,Phil Thompson,MALE,50,Thompson,,phil@thompson-family.zzz
Yuri,Yuri Foster,MALE,21,Foster,,yuri@foster-family.zzz
