index/_id,account_number,balance,firstname,lastname,age,gender,address,employer,email,city,state
1,1,39225,Amber,Duke,32,M,880 Holmes Lane,Pyrami,amberduke@pyrami.com,Brogan,IL
6,6,5686,Hattie,Bond,36,M,671 Bristol Street,Netagy,hattiebond@netagy.com,Dante,TN
13,13,32838,Nanette,Bates,28,F,789 Madison Street,Quility,nanettebates@quility.com,Nogal,VA
18,18,4180,Dale,Adams,33,M,467 Hutchinson Court,Boink,daleadams@boink.com,Orick,MD
20,20,16418,Elinor,Ratliff,36,M,282 Kings Place,Scentric,elinorratliff@scentric.com,Ribera,WA
25,25,40540,Virginia,Ayala,39,F,171 Putnam Avenue,Filodyne,virginiaayala@filodyne.com,Nicholson,PA
32,32,48086,Dillard,Mcpherson,34,F,702 Quentin Street,Quailcom,dillardmcpherson@quailcom.com,Veguita,IN
37,37,18612,Mcgee,Mooney,39,M,826 Fillmore Place,Reversus,mcgeemooney@reversus.com,Tooleville,OK
44,44,34487,Aurelia,Harding,37,M,502 Baycliff Terrace,Orbalix,aureliaharding@orbalix.com,Yardville,DE
49,49,29104,Fulton,Holt,23,F,451 Humboldt Street,Anocha,fultonholt@anocha.com,Sunriver,RI
51,51,14097,Burton,Meyers,31,F,334 River Street,Bezal,burtonmeyers@bezal.com,Jacksonburg,MO
56,56,14992,Josie,Nelson,32,M,857 Tabor Court,Emtrac,josienelson@emtrac.com,Sunnyside,UT
63,63,6077,Hughes,Owens,30,F,510 Sedgwick Street,Valpreal,hughesowens@valpreal.com,Guilford,KS
68,68,44214,Hall,Key,25,F,927 Bay Parkway,Eventex,hallkey@eventex.com,Shawmut,CA
70,70,38172,Deidre,Thompson,33,F,685 School Lane,Netplode,deidrethompson@netplode.com,Chestnut,GA
75,75,40500,Sandoval,Kramer,22,F,166 Irvington Place,Overfork,sandovalkramer@overfork.com,Limestone,NH
82,82,41412,Concetta,Barnes,39,F,195 Bayview Place,Fitcore,concettabarnes@fitcore.com,Summerfield,NC
87,87,1133,Hewitt,Kidd,22,M,446 Halleck Street,Isologics,hewittkidd@isologics.com,Coalmont,ME
94,94,41060,Brittany,Cabrera,30,F,183 Kathleen Court,Mixers,brittanycabrera@mixers.com,Cornucopia,AZ
99,99,47159,Ratliff,Heath,39,F,806 Rockwell Place,Zappix,ratliffheath@zappix.com,Shaft,ND
102,102,29712,Dena,Olson,27,F,759 Newkirk Avenue,Hinway,denaolson@hinway.com,Choctaw,NJ
107,107,48844,Randi,Rich,28,M,694 Jefferson Street,Netplax,randirich@netplax.com,Bellfountain,SC
114,114,43045,Josephine,Joseph,31,F,451 Oriental Court,Turnabout,josephinejoseph@turnabout.com,Sedley,AL
119,119,49222,Laverne,Johnson,28,F,302 Howard Place,Senmei,lavernejohnson@senmei.com,Herlong,DC
121,121,19594,Acevedo,Dorsey,32,M,479 Nova Court,Netropic,acevedodorsey@netropic.com,Islandia,CT
126,126,3607,Effie,Gates,39,F,620 National Drive,Digitalus,effiegates@digitalus.com,Blodgett,MD
133,133,26135,Deena,Richmond,36,F,646 Underhill Avenue,Sunclipse,deenarichmond@sunclipse.com,Austinburg,SC
138,138,9006,Daniel,Arnold,39,F,422 Malbone Street,Ecstasia,danielarnold@ecstasia.com,Gardiner,MO
140,140,26696,Cotton,Christensen,32,M,878 Schermerhorn Street,Prowaste,cottonchristensen@prowaste.com,Mayfair,LA
145,145,47406,Rowena,Wilkinson,32,M,891 Elton Street,Asimiline,rowenawilkinson@asimiline.com,Ripley,NH
152,152,8088,Wolfe,Rocha,21,M,457 Guernsey Street,Hivedom,wolferocha@hivedom.com,Adelino,MS
157,157,39868,Claudia,Terry,20,F,132 Gunnison Court,Lumbrex,claudiaterry@lumbrex.com,Castleton,MD
164,164,9101,Cummings,Little,26,F,308 Schaefer Street,Comtrak,cummingslittle@comtrak.com,Chaparrito,WI
169,169,45953,Hollie,Osborn,34,M,671 Seaview Court,Musaphics,hollieosborn@musaphics.com,Hanover,GA
171,171,7091,Nelda,Hopper,39,M,742 Prospect Place,Equicom,neldahopper@equicom.com,Finderne,SC
176,176,18607,Kemp,Walters,28,F,906 Howard Avenue,Eyewax,kempwalters@eyewax.com,Why,KY
183,183,14223,Hudson,English,26,F,823 Herkimer Place,Xinware,hudsonenglish@xinware.com,Robbins,ND
188,188,41504,Tia,Miranda,24,F,583 Ainslie Street,Jasper,tiamiranda@jasper.com,Summerset,UT
190,190,3150,Blake,Davidson,30,F,636 Diamond Street,Quantasis,blakedavidson@quantasis.com,Crumpler,KY
195,195,5025,Kaye,Gibson,31,M,955 Hopkins Street,Zork,kayegibson@zork.com,Ola,WY
203,203,21890,Eve,Wyatt,33,M,435 Furman Street,Assitia,evewyatt@assitia.com,Jamestown,MN
208,208,40760,Garcia,Hess,26,F,810 Nostrand Avenue,Quiltigen,garciahess@quiltigen.com,Brooktrails,GA
210,210,33946,Cherry,Carey,24,M,539 Tiffany Place,Martgo,cherrycarey@martgo.com,Fairacres,AK
215,215,37427,Copeland,Solomon,20,M,741 McDonald Avenue,Recognia,copelandsolomon@recognia.com,Edmund,ME
222,222,14764,Rachelle,Rice,36,M,333 Narrows Avenue,Enaut,rachellerice@enaut.com,Wright,AZ
227,227,19780,Coleman,Berg,22,M,776 Little Street,Exoteric,colemanberg@exoteric.com,Eagleville,WV
234,234,44207,Betty,Hall,37,F,709 Garfield Place,Miraclis,bettyhall@miraclis.com,Bendon,NY
239,239,25719,Chang,Boyer,36,M,895 Brigham Street,Qaboos,changboyer@qaboos.com,Belgreen,NH
241,241,25379,Schroeder,Harrington,26,M,610 Tapscott Avenue,Otherway,schroederharrington@otherway.com,Ebro,TX
246,246,28405,Katheryn,Foster,21,F,259 Kane Street,Quantalia,katherynfoster@quantalia.com,Bath,TX
253,253,20240,Melissa,Gould,31,M,440 Fuller Place,Buzzopia,melissagould@buzzopia.com,Lumberton,MD
258,258,5712,Lindsey,Hawkins,37,M,706 Frost Street,Enormo,lindseyhawkins@enormo.com,Gardners,AK
260,260,2726,Kari,Skinner,30,F,735 Losee Terrace,Singavera,kariskinner@singavera.com,Rushford,WV
265,265,46910,Marion,Schneider,26,F,574 Everett Avenue,Evidends,marionschneider@evidends.com,Maplewood,WY
272,272,19253,Lilly,Morgan,25,F,689 Fleet Street,Biolive,lillymorgan@biolive.com,Sunbury,OH
277,277,29564,Romero,Lott,31,M,456 Danforth Street,Plasto,romerolott@plasto.com,Vincent,VT
284,284,22806,Randolph,Banks,29,M,875 Hamilton Avenue,Caxt,randolphbanks@caxt.com,Crawfordsville,WA
289,289,7798,Blair,Church,29,M,370 Sutton Street,Cubix,blairchurch@cubix.com,Nile,NH
291,291,19955,Lynn,Pollard,40,F,685 Pierrepont Street,Slambda,lynnpollard@slambda.com,Mappsville,ID
296,296,24606,Rosa,Oliver,34,M,168 Woodbine Street,Idetica,rosaoliver@idetica.com,Robinson,WY
304,304,28647,Palmer,Clark,35,M,866 Boulevard Court,Maximind,palmerclark@maximind.com,Avalon,NH
309,309,3830,Rosemarie,Nieves,30,M,206 Alice Court,Zounds,rosemarienieves@zounds.com,Ferney,AR
311,311,13388,Vinson,Ballard,23,F,960 Glendale Court,Gynk,vinsonballard@gynk.com,Fairforest,WY
316,316,8214,Anita,Ewing,32,M,396 Lombardy Street,Panzent,anitaewing@panzent.com,Neahkahnie,WY
323,323,42230,Chelsea,Gamble,34,F,356 Dare Court,Isosphere,chelseagamble@isosphere.com,Dundee,MD
328,328,12523,Good,Campbell,27,F,438 Hicks Street,Gracker,goodcampbell@gracker.com,Marion,CA
330,330,41620,Yvette,Browning,34,F,431 Beekman Place,Marketoid,yvettebrowning@marketoid.com,Talpa,CO
335,335,35433,Vera,Hansen,24,M,252 Bushwick Avenue,Zanilla,verahansen@zanilla.com,Manila,TN
342,342,33670,Vivian,Wells,36,M,570 Cobek Court,Nutralab,vivianwells@nutralab.com,Fontanelle,OK
347,347,36038,Gould,Carson,24,F,784 Pulaski Street,Mobildata,gouldcarson@mobildata.com,Goochland,MI
354,354,21294,Kidd,Mclean,22,M,691 Saratoga Avenue,Ronbert,kiddmclean@ronbert.com,Tioga,ME
359,359,29927,Vanessa,Harvey,28,F,679 Rutledge Street,Zentime,vanessaharvey@zentime.com,Williston,IL
361,361,23659,Noreen,Shelton,36,M,702 Tillary Street,Medmex,noreenshelton@medmex.com,Derwood,NH
366,366,42368,Lydia,Cooke,31,M,470 Coleman Street,Comstar,lydiacooke@comstar.com,Datil,TN
373,373,9671,Simpson,Carpenter,21,M,837 Horace Court,Snips,simpsoncarpenter@snips.com,Tolu,MA
378,378,27100,Watson,Simpson,36,F,644 Thomas Street,Wrapture,watsonsimpson@wrapture.com,Keller,TX
380,380,35628,Fernandez,Reid,33,F,154 Melba Court,Cosmosis,fernandezreid@cosmosis.com,Boyd,NE
385,385,11022,Rosalinda,Valencia,22,M,933 Lloyd Street,Zoarere,rosalindavalencia@zoarere.com,Waverly,GA
392,392,31613,Dotson,Dean,35,M,136 Ford Street,Petigems,dotsondean@petigems.com,Chical,SD
397,397,37418,Leonard,Gray,36,F,840 Morgan Avenue,Recritube,leonardgray@recritube.com,Edenburg,AL
400,400,20685,Kane,King,21,F,405 Cornelia Street,Tri@Tribalog,kaneking@tri@tribalog.com,Gulf,VT
405,405,5679,Strickland,Fuller,26,M,990 Concord Street,Digique,stricklandfuller@digique.com,Southmont,NV
412,412,27436,Ilene,Abbott,26,M,846 Vine Street,Typhonica,ileneabbott@typhonica.com,Cedarville,VT
417,417,1788,Wheeler,Ayers,35,F,677 Hope Street,Fortean,wheelerayers@fortean.com,Ironton,PA
424,424,36818,Tracie,Gregory,34,M,112 Hunterfly Place,Comstruct,traciegregory@comstruct.com,Onton,TN
429,429,46970,Cantu,Lindsey,31,M,404 Willoughby Avenue,Inquala,cantulindsey@inquala.com,Cowiche,IA
431,431,13136,Laurie,Shaw,26,F,263 Aviation Road,Zillanet,laurieshaw@zillanet.com,Harmon,WV
436,436,27585,Alexander,Sargent,23,M,363 Albemarle Road,Fangold,alexandersargent@fangold.com,Calpine,OR
443,443,7588,Huff,Thomas,23,M,538 Erskine Loop,Accufarm,huffthomas@accufarm.com,Corinne,AL
448,448,22776,Adriana,Mcfadden,35,F,984 Woodside Avenue,Telequiet,adrianamcfadden@telequiet.com,Darrtown,WI
450,450,2643,Bradford,Nielsen,25,M,487 Keen Court,Exovent,bradfordnielsen@exovent.com,Hamilton,DE
455,455,39556,Lynn,Tran,36,M,741 Richmond Street,Optyk,lynntran@optyk.com,Clinton,WV
462,462,10871,Calderon,Day,27,M,810 Milford Street,Cofine,calderonday@cofine.com,Kula,OK
467,467,6312,Angelica,May,32,F,384 Karweg Place,Keeg,angelicamay@keeg.com,Tetherow,IA
474,474,35896,Obrien,Walton,40,F,192 Ide Court,Suremax,obrienwalton@suremax.com,Crucible,UT
479,479,31865,Cameron,Ross,40,M,904 Bouck Court,Telpod,cameronross@telpod.com,Nord,MO
481,481,20024,Lina,Stanley,33,M,361 Hanover Place,Strozen,linastanley@strozen.com,Wyoming,NC
486,486,35902,Dixie,Fuentes,22,F,991 Applegate Court,Portico,dixiefuentes@portico.com,Salix,VA
493,493,5871,Campbell,Best,24,M,297 Friel Place,Fanfare,campbellbest@fanfare.com,Kidder,GA
498,498,10516,Stella,Hinton,39,F,649 Columbia Place,Flyboyz,stellahinton@flyboyz.com,Crenshaw,SC
501,501,16572,Kelley,Ochoa,36,M,451 Clifton Place,Bluplanet,kelleyochoa@bluplanet.com,Gouglersville,CT
506,506,43440,Davidson,Salas,28,M,731 Cleveland Street,Sequitur,davidsonsalas@sequitur.com,Lloyd,ME
513,513,30040,Maryellen,Rose,37,F,428 Durland Place,Waterbaby,maryellenrose@waterbaby.com,Kiskimere,RI
518,518,48954,Finch,Curtis,29,F,137 Ryder Street,Viagrand,finchcurtis@viagrand.com,Riverton,MO
520,520,27987,Brandy,Calhoun,32,M,818 Harden Street,Maxemia,brandycalhoun@maxemia.com,Sidman,OR
525,525,23545,Holly,Miles,25,M,746 Ludlam Place,Xurban,hollymiles@xurban.com,Harold,AR
532,532,17207,Hardin,Kirk,26,M,268 Canarsie Road,Exposa,hardinkirk@exposa.com,Stouchsburg,IL
537,537,31069,Morin,Frost,29,M,910 Lake Street,Primordia,morinfrost@primordia.com,Rivera,DE
544,544,41735,Short,Dennis,21,F,908 Glen Street,Minga,shortdennis@minga.com,Dale,KY
549,549,1932,Jacqueline,Maxwell,40,M,444 Schenck Place,Fuelworks,jacquelinemaxwell@fuelworks.com,Oretta,OR
551,551,21732,Milagros,Travis,27,F,380 Murdock Court,Sloganaut,milagrostravis@sloganaut.com,Homeland,AR
556,556,36420,Collier,Odonnell,35,M,591 Nolans Lane,Sultraxin,collierodonnell@sultraxin.com,Fulford,MD
563,563,43403,Morgan,Torres,30,F,672 Belvidere Street,Quonata,morgantorres@quonata.com,Hollymead,KY
568,568,36628,Lesa,Maynard,29,F,295 Whitty Lane,Coash,lesamaynard@coash.com,Broadlands,VT
570,570,26751,Church,Mercado,24,F,892 Wyckoff Street,Xymonk,churchmercado@xymonk.com,Gloucester,KY
575,575,12588,Buchanan,Pope,39,M,581 Sumner Place,Stucco,buchananpope@stucco.com,Ellerslie,MD
582,582,33371,Manning,Guthrie,24,F,271 Jodie Court,Xerex,manningguthrie@xerex.com,Breinigsville,NM
587,587,3468,Carly,Johns,33,M,390 Noll Street,Gallaxia,carlyjohns@gallaxia.com,Emison,DC
594,594,28194,Golden,Donovan,26,M,199 Jewel Street,Organica,goldendonovan@organica.com,Macdona,RI
599,599,11944,Joanna,Jennings,36,F,318 Irving Street,Extremo,joannajennings@extremo.com,Bartley,MI
602,602,38699,Mcgowan,Mcclain,33,M,361 Stoddard Place,Oatfarm,mcgowanmcclain@oatfarm.com,Kapowsin,MI
607,607,38350,White,Small,38,F,736 Judge Street,Immunics,whitesmall@immunics.com,Fairfield,HI
614,614,13157,Salazar,Howard,35,F,847 Imlay Street,Retrack,salazarhoward@retrack.com,Grill,FL
619,619,48755,Grimes,Reynolds,36,M,378 Denton Place,Frenex,grimesreynolds@frenex.com,Murillo,LA
621,621,35480,Leslie,Sloan,26,F,336 Kansas Place,Dancity,lesliesloan@dancity.com,Corriganville,AR
626,626,19498,Ava,Richardson,31,F,666 Nautilus Avenue,Cinaster,avarichardson@cinaster.com,Sutton,AL
633,633,35874,Conner,Ramos,34,M,575 Agate Court,Insource,connerramos@insource.com,Madaket,OK
638,638,2658,Bridget,Gallegos,31,M,383 Wogan Terrace,Songlines,bridgetgallegos@songlines.com,Linganore,WA
640,640,35596,Candace,Hancock,25,M,574 Riverdale Avenue,Animalia,candacehancock@animalia.com,Blandburg,KY
645,645,29362,Edwina,Hutchinson,26,F,892 Pacific Street,Essensia,edwinahutchinson@essensia.com,Dowling,NE
652,652,17363,Bonner,Garner,26,M,219 Grafton Street,Utarian,bonnergarner@utarian.com,Vandiver,PA
657,657,40475,Kathleen,Wilder,34,F,286 Sutter Avenue,Solgan,kathleenwilder@solgan.com,Graniteville,MI
664,664,16163,Hart,Mccormick,40,M,144 Guider Avenue,Dyno,hartmccormick@dyno.com,Carbonville,ID
669,669,16934,Jewel,Estrada,28,M,896 Meeker Avenue,Zilla,jewelestrada@zilla.com,Goodville,PA
671,671,29029,Antoinette,Cook,34,M,375 Cumberland Street,Harmoney,antoinettecook@harmoney.com,Bergoo,VT
676,676,23842,Lisa,Dudley,34,M,506 Vanderveer Street,Tropoli,lisadudley@tropoli.com,Konterra,NY
683,683,4381,Matilda,Berger,39,M,884 Noble Street,Fibrodyne,matildaberger@fibrodyne.com,Shepardsville,TN
688,688,17931,Freeman,Zamora,22,F,114 Herzl Street,Elemantra,freemanzamora@elemantra.com,Libertytown,NM
690,690,18127,Russo,Swanson,35,F,256 Roebling Street,Zaj,russoswanson@zaj.com,Hoagland,MI
695,695,36800,Gonzales,Mcfarland,26,F,647 Louisa Street,Songbird,gonzalesmcfarland@songbird.com,Crisman,ID
703,703,27443,Dona,Burton,29,M,489 Flatlands Avenue,Cytrex,donaburton@cytrex.com,Reno,VA
708,708,34002,May,Ortiz,28,F,244 Chauncey Street,Syntac,mayortiz@syntac.com,Munjor,ID
710,710,33650,Shelton,Stark,37,M,404 Ovington Avenue,Kraggle,sheltonstark@kraggle.com,Ogema,TN
715,715,23734,Tammi,Hodge,24,M,865 Church Lane,Netur,tammihodge@netur.com,Lacomb,KS
722,722,27256,Roberts,Beasley,34,F,305 Kings Hwy,Quintity,robertsbeasley@quintity.com,Hayden,PA
727,727,27263,Natasha,Knapp,36,M,723 Hubbard Street,Exostream,natashaknapp@exostream.com,Trexlertown,LA
734,734,20325,Keri,Kinney,23,M,490 Balfour Place,Retrotex,kerikinney@retrotex.com,Salunga,PA
739,739,39063,Gwen,Hardy,33,F,733 Stuart Street,Exozent,gwenhardy@exozent.com,Drytown,NY
741,741,33074,Nielsen,Good,22,M,404 Norfolk Street,Kiggle,nielsengood@kiggle.com,Cumberland,WA
746,746,15970,Marguerite,Wall,28,F,364 Crosby Avenue,Aquoavo,margueritewall@aquoavo.com,Jeff,MI
753,753,33340,Katina,Alford,21,F,690 Ross Street,Intrawear,katinaalford@intrawear.com,Grimsley,OK
758,758,15739,Berta,Short,28,M,149 Surf Avenue,Ozean,bertashort@ozean.com,Odessa,UT
760,760,40996,Rhea,Blair,37,F,440 Hubbard Place,Bicol,rheablair@bicol.com,Stockwell,LA
765,765,31278,Knowles,Cunningham,23,M,753 Macdougal Street,Thredz,knowlescunningham@thredz.com,Thomasville,WA
772,772,37849,Eloise,Sparks,21,M,608 Willow Street,Satiance,eloisesparks@satiance.com,Richford,NY
777,777,48294,Adkins,Mejia,32,M,186 Oxford Walk,Datagen,adkinsmejia@datagen.com,Faywood,OK
784,784,25291,Mabel,Thornton,21,M,124 Louisiana Avenue,Zolavo,mabelthornton@zolavo.com,Lynn,AL
789,789,8760,Cunningham,Kerr,27,F,154 Sharon Street,Polarium,cunninghamkerr@polarium.com,Tuskahoma,MS
791,791,48249,Janine,Huber,38,F,348 Porter Avenue,Viocular,janinehuber@viocular.com,Fivepointville,MA
796,796,23503,Mona,Craft,35,F,511 Henry Street,Opticom,monacraft@opticom.com,Websterville,IN
804,804,23610,Rojas,Oneal,27,M,669 Sandford Street,Glukgluk,rojasoneal@glukgluk.com,Wheaton,ME
809,809,47812,Christie,Strickland,30,M,346 Bancroft Place,Anarco,christiestrickland@anarco.com,Baden,NV
811,811,26007,Walls,Rogers,28,F,352 Freeman Street,Geekmosis,wallsrogers@geekmosis.com,Caroleen,NV
816,816,9567,Cornelia,Lane,20,F,384 Bainbridge Street,Sulfax,cornelialane@sulfax.com,Elizaville,MS
823,823,48726,Celia,Bernard,33,F,466 Amboy Street,Mitroc,celiabernard@mitroc.com,Skyland,GA
828,828,44890,Blanche,Holmes,33,F,605 Stryker Court,Motovate,blancheholmes@motovate.com,Loomis,KS
830,830,45210,Louella,Chan,23,M,511 Heath Place,Conferia,louellachan@conferia.com,Brookfield,OK
835,835,46558,Glover,Rutledge,25,F,641 Royce Street,Ginkogene,gloverrutledge@ginkogene.com,Dixonville,VA
842,842,49587,Meagan,Buckner,23,F,833 Bushwick Court,Biospan,meaganbuckner@biospan.com,Craig,TX
847,847,8652,Antonia,Duncan,23,M,644 Stryker Street,Talae,antoniaduncan@talae.com,Dawn,MO
854,854,49795,Jimenez,Barry,25,F,603 Cooper Street,Verton,jimenezbarry@verton.com,Moscow,AL
859,859,20734,Beulah,Stuart,24,F,651 Albemarle Terrace,Hatology,beulahstuart@hatology.com,Waiohinu,RI
861,861,44173,Jaime,Wilson,35,M,680 Richardson Street,Temorak,jaimewilson@temorak.com,Fidelis,FL
866,866,45565,Araceli,Woodward,28,M,326 Meadow Street,Olympix,araceliwoodward@olympix.com,Dana,KS
873,873,43931,Tisha,Cotton,39,F,432 Lincoln Road,Buzzmaker,tishacotton@buzzmaker.com,Bluetown,GA
878,878,49159,Battle,Blackburn,40,F,234 Hendrix Street,Zilphur,battleblackburn@zilphur.com,Wanamie,PA
880,880,22575,Christian,Myers,35,M,737 Crown Street,Combogen,christianmyers@combogen.com,Abrams,OK
885,885,31661,Valdez,Roberson,40,F,227 Scholes Street,Delphide,valdezroberson@delphide.com,Chilton,MT
892,892,44974,Hill,Hayes,29,M,721 Dooley Street,Fuelton,hillhayes@fuelton.com,Orason,MT
897,897,45973,Alyson,Irwin,25,M,731 Poplar Street,Quizka,alysonirwin@quizka.com,Singer,VA
900,900,6124,Gonzalez,Watson,23,M,624 Sullivan Street,Marvane,gonzalezwatson@marvane.com,Wikieup,IL
905,905,29438,Schultz,Moreno,20,F,761 Cedar Street,Paragonia,schultzmoreno@paragonia.com,Glenshaw,SC
912,912,13675,Flora,Alvarado,26,M,771 Vandervoort Avenue,Boilicon,floraalvarado@boilicon.com,Vivian,ID
917,917,47782,Parks,Hurst,24,M,933 Cozine Avenue,Pyramis,parkshurst@pyramis.com,Lindcove,GA
924,924,3811,Hilary,Leonard,24,M,235 Hegeman Avenue,Metroz,hilaryleonard@metroz.com,Roosevelt,ME
929,929,34708,Willie,Hickman,35,M,430 Devoe Street,Apextri,williehickman@apextri.com,Clay,MS
931,931,8244,Ingrid,Garcia,23,F,674 Indiana Place,Balooba,ingridgarcia@balooba.com,Interlochen,AZ
936,936,22430,Beth,Frye,36,M,462 Thatford Avenue,Puria,bethfrye@puria.com,Hiseville,LA
943,943,24187,Wagner,Griffin,23,M,489 Ellery Street,Gazak,wagnergriffin@gazak.com,Lorraine,HI
948,948,37074,Sargent,Powers,40,M,532 Fiske Place,Accuprint,sargentpowers@accuprint.com,Umapine,AK
950,950,30916,Sherrie,Patel,32,F,658 Langham Street,Futurize,sherriepatel@futurize.com,Garfield,OR
955,955,41621,Klein,Kemp,33,M,370 Vanderbilt Avenue,Synkgen,kleinkemp@synkgen.com,Bonanza,FL
962,962,32096,Trujillo,Wilcox,21,F,914 Duffield Street,Extragene,trujillowilcox@extragene.com,Golconda,MA
967,967,19161,Carrie,Huffman,36,F,240 Sands Street,Injoy,carriehuffman@injoy.com,Leroy,CA
974,974,38082,Deborah,Yang,26,F,463 Goodwin Place,Entogrok,deborahyang@entogrok.com,Herald,KY
979,979,43130,Vaughn,Pittman,29,M,446 Tompkins Place,Phormula,vaughnpittman@phormula.com,Fingerville,WI
981,981,20278,Nolan,Warner,29,F,753 Channel Avenue,Interodeo,nolanwarner@interodeo.com,Layhill,MT
986,986,35086,Norris,Hubbard,31,M,600 Celeste Court,Printspan,norrishubbard@printspan.com,Cassel,MI
993,993,26487,Campos,Olsen,37,M,873 Covert Street,Isbol,camposolsen@isbol.com,Glendale,AK
998,998,16869,Letha,Baker,40,F,206 Llama Court,Dognosis,lethabaker@dognosis.com,Dunlo,WV
2,2,28838,Roberta,Bender,22,F,560 Kingsway Place,Chillium,robertabender@chillium.com,Bennett,LA
7,7,39121,Levy,Richard,22,M,820 Logan Street,Teraprene,levyrichard@teraprene.com,Shrewsbury,MO
14,14,20480,Erma,Kane,39,F,661 Vista Place,Stockpost,ermakane@stockpost.com,Chamizal,NY
19,19,27894,Schwartz,Buchanan,28,F,449 Mersereau Court,Sybixtex,schwartzbuchanan@sybixtex.com,Greenwich,KS
21,21,7004,Estella,Paul,38,M,859 Portal Street,Zillatide,estellapaul@zillatide.com,Churchill,WV
26,26,14127,Lorraine,Mccullough,39,F,157 Dupont Street,Zosis,lorrainemccullough@zosis.com,Dennard,NH
33,33,35439,Savannah,Kirby,30,F,372 Malta Street,Musanpoly,savannahkirby@musanpoly.com,Muse,AK
38,38,10511,Erna,Fields,32,M,357 Maple Street,Eweville,ernafields@eweville.com,Twilight,MS
40,40,33882,Pace,Molina,40,M,263 Ovington Court,Cytrak,pacemolina@cytrak.com,Silkworth,OR
45,45,44478,Geneva,Morin,21,F,357 Herkimer Street,Ezent,genevamorin@ezent.com,Blanco,AZ
52,52,46425,Kayla,Bradshaw,31,M,449 Barlow Drive,Magnemo,kaylabradshaw@magnemo.com,Wawona,AZ
57,57,8705,Powell,Herring,21,M,263 Merit Court,Digiprint,powellherring@digiprint.com,Coral,MT
64,64,44036,Miles,Battle,35,F,988 Homecrest Avenue,Koffee,milesbattle@koffee.com,Motley,ID
69,69,14253,Desiree,Harrison,24,M,694 Garland Court,Barkarama,desireeharrison@barkarama.com,Hackneyville,GA
71,71,38201,Sharpe,Hoffman,39,F,450 Conklin Avenue,Centree,sharpehoffman@centree.com,Urbana,WY
76,76,38345,Claudette,Beard,24,F,748 Dorset Street,Repetwire,claudettebeard@repetwire.com,Caln,TX
83,83,35928,Mayo,Cleveland,28,M,720 Brooklyn Road,Indexia,mayocleveland@indexia.com,Roberts,ND
88,88,26418,Adela,Tyler,21,F,737 Clove Road,Surelogic,adelatyler@surelogic.com,Boling,SD
90,90,25332,Herman,Snyder,22,F,737 College Place,Lunchpod,hermansnyder@lunchpod.com,Flintville,IA
95,95,1650,Dominguez,Le,20,M,539 Grace Court,Portica,dominguezle@portica.com,Wollochet,KS
103,103,11253,Calhoun,Bruce,33,F,731 Clarkson Avenue,Automon,calhounbruce@automon.com,Marienthal,IL
108,108,19015,Christensen,Weaver,21,M,398 Dearborn Court,Quilk,christensenweaver@quilk.com,Belvoir,TX
110,110,4850,Daphne,Byrd,23,F,239 Conover Street,Freakin,daphnebyrd@freakin.com,Taft,MN
115,115,18750,Nikki,Doyle,31,F,537 Clara Street,Fossiel,nikkidoyle@fossiel.com,Caron,MS
122,122,17128,Aurora,Fry,31,F,227 Knapp Street,Makingway,aurorafry@makingway.com,Maybell,NE
127,127,48734,Diann,Mclaughlin,33,F,340 Clermont Avenue,Enomen,diannmclaughlin@enomen.com,Rutherford,ND
134,134,33829,Madelyn,Norris,30,F,176 Noel Avenue,Endicil,madelynnorris@endicil.com,Walker,NE
139,139,18444,Rios,Todd,35,F,281 Georgia Avenue,Uberlux,riostodd@uberlux.com,Hannasville,PA
141,141,20790,Liliana,Caldwell,29,M,414 Huron Street,Rubadub,lilianacaldwell@rubadub.com,Hiwasse,OK
146,146,39078,Lang,Kaufman,32,F,626 Beverley Road,Rodeomad,langkaufman@rodeomad.com,Mahtowa,RI
153,153,32074,Bird,Cochran,31,F,691 Bokee Court,Supremia,birdcochran@supremia.com,Barrelville,NE
158,158,9380,Natalie,Mcdowell,27,M,953 Roder Avenue,Myopium,nataliemcdowell@myopium.com,Savage,ND
160,160,48974,Hull,Cherry,23,F,275 Beaumont Street,Noralex,hullcherry@noralex.com,Whipholt,WA
165,165,18956,Sims,Mckay,40,F,205 Jackson Street,Comtour,simsmckay@comtour.com,Tilden,DC
172,172,18356,Marie,Whitehead,20,M,704 Monaco Place,Sultrax,mariewhitehead@sultrax.com,Dragoon,IL
177,177,48972,Harris,Gross,40,F,468 Suydam Street,Kidstock,harrisgross@kidstock.com,Yettem,KY
184,184,9157,Cathy,Morrison,27,M,882 Pine Street,Zytrek,cathymorrison@zytrek.com,Fedora,FL
189,189,20167,Ada,Cortez,38,F,700 Forest Place,Micronaut,adacortez@micronaut.com,Eagletown,TX
191,191,26172,Barr,Sharpe,28,M,428 Auburn Place,Ziggles,barrsharpe@ziggles.com,Springdale,KS
196,196,29931,Caldwell,Daniel,28,F,405 Oliver Street,Furnigeer,caldwelldaniel@furnigeer.com,Zortman,NE
204,204,27714,Mavis,Deleon,39,F,400 Waldane Court,Lotron,mavisdeleon@lotron.com,Stollings,LA
209,209,31052,Myers,Noel,30,F,691 Alton Place,Greeker,myersnoel@greeker.com,Hinsdale,KY
211,211,21539,Graciela,Vaughan,22,M,558 Montauk Court,Fishland,gracielavaughan@fishland.com,Madrid,PA
216,216,11422,Price,Haley,35,M,233 Portland Avenue,Zeam,pricehaley@zeam.com,Titanic,UT
223,223,9528,Newton,Fletcher,26,F,654 Dewitt Avenue,Assistia,newtonfletcher@assistia.com,Nipinnawasee,AK
228,228,10543,Rosella,Albert,20,M,185 Gotham Avenue,Isoplex,rosellaalbert@isoplex.com,Finzel,NY
230,230,10829,Chris,Raymond,28,F,464 Remsen Street,Cogentry,chrisraymond@cogentry.com,Bowmansville,SD
235,235,17729,Mcpherson,Mueller,31,M,541 Strong Place,Tingles,mcphersonmueller@tingles.com,Brantleyville,AR
242,242,42318,Berger,Roach,21,M,125 Wakeman Place,Ovium,bergerroach@ovium.com,Hessville,WI
247,247,45123,Mccormick,Moon,37,M,582 Brighton Avenue,Norsup,mccormickmoon@norsup.com,Forestburg,DE
254,254,35104,Yang,Dodson,21,M,531 Lott Street,Mondicil,yangdodson@mondicil.com,Enoree,UT
259,259,41877,Eleanor,Gonzalez,30,M,800 Sumpter Street,Futuris,eleanorgonzalez@futuris.com,Jenkinsville,ID
261,261,39998,Millicent,Pickett,34,F,722 Montieth Street,Gushkool,millicentpickett@gushkool.com,Norwood,MS
266,266,2777,Monique,Conner,35,F,489 Metrotech Courtr,Flotonic,moniqueconner@flotonic.com,Retsof,MD
273,273,11181,Murphy,Chandler,20,F,569 Bradford Street,Zilch,murphychandler@zilch.com,Vicksburg,FL
278,278,22530,Tamra,Navarro,27,F,175 Woodruff Avenue,Norsul,tamranavarro@norsul.com,Glasgow,VT
280,280,3380,Vilma,Shields,26,F,133 Berriman Street,Applidec,vilmashields@applidec.com,Adamstown,ME
285,285,47369,Hilda,Phillips,28,F,618 Nixon Court,Comcur,hildaphillips@comcur.com,Siglerville,NC
292,292,26679,Morrow,Greene,20,F,691 Nassau Street,Columella,morrowgreene@columella.com,Sanborn,FL
297,297,20508,Tucker,Patrick,35,F,978 Whitwell Place,Valreda,tuckerpatrick@valreda.com,Deseret,CO
300,300,25654,Lane,Tate,26,F,632 Kay Court,Genesynk,lanetate@genesynk.com,Lowell,MO
305,305,11655,Augusta,Winters,29,F,377 Paerdegat Avenue,Vendblend,augustawinters@vendblend.com,Gwynn,MA
312,312,8511,Burgess,Gentry,25,F,382 Bergen Court,Orbixtar,burgessgentry@orbixtar.com,Conestoga,WI
317,317,31968,Ruiz,Morris,31,F,972 Dean Street,Apex,ruizmorris@apex.com,Jacksonwald,WV
324,324,44976,Gladys,Erickson,22,M,250 Battery Avenue,Eternis,gladyserickson@eternis.com,Marne,IA
329,329,31138,Nellie,Mercer,25,M,967 Ebony Court,Scenty,nelliemercer@scenty.com,Jardine,AK
331,331,46004,Gibson,Potts,34,F,994 Dahill Road,Zensus,gibsonpotts@zensus.com,Frizzleburg,CO
336,336,40891,Dudley,Avery,25,M,405 Powers Street,Genmom,dudleyavery@genmom.com,Clarksburg,CO
343,343,37684,Robbie,Logan,29,M,488 Linden Boulevard,Hydrocom,robbielogan@hydrocom.com,Stockdale,TN
348,348,1360,Karina,Russell,37,M,797 Moffat Street,Limozen,karinarussell@limozen.com,Riegelwood,RI
350,350,4267,Wyatt,Wise,22,F,896 Bleecker Street,Rockyard,wyattwise@rockyard.com,Joes,MS
355,355,40961,Gregory,Delacruz,38,M,876 Cortelyou Road,Oulu,gregorydelacruz@oulu.com,Waterloo,WV
362,362,14938,Jimmie,Dejesus,26,M,351 Navy Walk,Ecolight,jimmiedejesus@ecolight.com,Berlin,ME
367,367,40458,Elaine,Workman,20,M,188 Ridge Boulevard,Colaire,elaineworkman@colaire.com,Herbster,AK
374,374,19521,Blanchard,Stein,30,M,313 Bartlett Street,Cujo,blanchardstein@cujo.com,Cascades,OR
379,379,12962,Ruthie,Lamb,21,M,796 Rockaway Avenue,Incubus,ruthielamb@incubus.com,Hickory,TX
381,381,40978,Sophie,Mays,31,M,261 Varanda Place,Uneeq,sophiemays@uneeq.com,Cressey,AR
386,386,42588,Wallace,Barr,39,F,246 Beverly Road,Concility,wallacebarr@concility.com,Durham,IN
393,393,43936,William,Kelly,24,M,178 Lawrence Avenue,Techtrix,williamkelly@techtrix.com,Orin,PA
398,398,8543,Leticia,Duran,35,F,305 Senator Street,Xleen,leticiaduran@xleen.com,Cavalero,PA
401,401,29408,Contreras,Randolph,38,M,104 Lewis Avenue,Inrt,contrerasrandolph@inrt.com,Chesapeake,CT
406,406,28127,Mccarthy,Dunlap,28,F,684 Seacoast Terrace,Canopoly,mccarthydunlap@canopoly.com,Elliott,NC
413,413,15631,Pugh,Hamilton,39,F,124 Euclid Avenue,Techade,pughhamilton@techade.com,Beaulieu,CA
418,418,10207,Reed,Goff,32,M,959 Everit Street,Zillan,reedgoff@zillan.com,Hiko,WV
420,420,44699,Brandie,Hayden,22,M,291 Ash Street,Digifad,brandiehayden@digifad.com,Spelter,NM
425,425,41308,Queen,Leach,30,M,105 Fair Street,Magneato,queenleach@magneato.com,Barronett,NH
432,432,28969,Preston,Ferguson,40,F,239 Greenwood Avenue,Bitendrex,prestonferguson@bitendrex.com,Idledale,ND
437,437,41225,Rosales,Marquez,29,M,873 Ryerson Street,Ronelon,rosalesmarquez@ronelon.com,Allendale,CA
444,444,44219,Dolly,Finch,24,F,974 Interborough Parkway,Zytrac,dollyfinch@zytrac.com,Vowinckel,WY
449,449,41950,Barnett,Cantrell,39,F,945 Bedell Lane,Zentility,barnettcantrell@zentility.com,Swartzville,ND
451,451,31950,Mason,Mcleod,31,F,438 Havemeyer Street,Omatom,masonmcleod@omatom.com,Ryderwood,NE
456,456,21419,Solis,Kline,33,M,818 Ashford Street,Vetron,soliskline@vetron.com,Ruffin,NY
463,463,36672,Heidi,Acosta,20,F,692 Kenmore Terrace,Elpro,heidiacosta@elpro.com,Ezel,SD
468,468,18400,Foreman,Fowler,40,M,443 Jackson Court,Zillactic,foremanfowler@zillactic.com,Wakarusa,WA
470,470,20455,Schneider,Hull,35,M,724 Apollo Street,Exospeed,schneiderhull@exospeed.com,Watchtower,ID
475,475,24427,Morales,Jacobs,22,F,225 Desmond Court,Oronoko,moralesjacobs@oronoko.com,Clayville,CT
482,482,14834,Janie,Bass,39,M,781 Grattan Street,Manglo,janiebass@manglo.com,Kenwood,IA
487,487,30718,Sawyer,Vincent,26,F,238 Lancaster Avenue,Brainquil,sawyervincent@brainquil.com,Galesville,MS
494,494,3592,Holden,Bowen,30,M,374 Elmwood Avenue,Endipine,holdenbowen@endipine.com,Rosine,ID
499,499,26060,Lara,Perkins,26,M,703 Monroe Street,Paprikut,laraperkins@paprikut.com,Barstow,NY
502,502,31898,Woodard,Bailey,31,F,585 Albee Square,Imperium,woodardbailey@imperium.com,Matheny,MT
507,507,27675,Blankenship,Ramirez,31,M,630 Graham Avenue,Bytrex,blankenshipramirez@bytrex.com,Bancroft,CT
514,514,30125,Solomon,Bush,34,M,409 Harkness Avenue,Snacktion,solomonbush@snacktion.com,Grayhawk,TX
519,519,3282,Lorna,Franco,31,F,722 Schenck Court,Zentia,lornafranco@zentia.com,National,FL
521,521,16348,Josefa,Buckley,34,F,848 Taylor Street,Mazuda,josefabuckley@mazuda.com,Saranap,NM
526,526,35375,Sweeney,Fulton,33,F,550 Martense Street,Cormoran,sweeneyfulton@cormoran.com,Chalfant,IA
533,533,13761,Margarita,Diaz,23,M,295 Tapscott Street,Zilodyne,margaritadiaz@zilodyne.com,Hondah,ID
538,538,16416,Koch,Barker,21,M,919 Gerry Street,Xplor,kochbarker@xplor.com,Dixie,WY
540,540,40235,Tammy,Wiggins,32,F,186 Schenectady Avenue,Speedbolt,tammywiggins@speedbolt.com,Salvo,LA
545,545,27011,Lena,Lucas,20,M,110 Lamont Court,Kindaloo,lenalucas@kindaloo.com,Harleigh,KY
552,552,14727,Kate,Estes,39,M,785 Willmohr Street,Rodeocean,kateestes@rodeocean.com,Elfrida,HI
557,557,3119,Landry,Buck,20,M,558 Schweikerts Walk,Protodyne,landrybuck@protodyne.com,Edneyville,AL
564,564,43631,Owens,Bowers,22,M,842 Congress Street,Nspire,owensbowers@nspire.com,Machias,VA
569,569,40019,Sherri,Rowe,39,F,591 Arlington Place,Netility,sherrirowe@netility.com,Bridgetown,SC
571,571,3014,Ayers,Duffy,28,F,721 Wortman Avenue,Aquasseur,ayersduffy@aquasseur.com,Tilleda,MS
576,576,29682,Helena,Robertson,33,F,774 Devon Avenue,Vicon,helenarobertson@vicon.com,Dyckesville,NV
583,583,26558,Castro,West,34,F,814 Williams Avenue,Cipromox,castrowest@cipromox.com,Nescatunga,IL
588,588,43531,Martina,Collins,31,M,301 Anna Court,Geekwagon,martinacollins@geekwagon.com,Oneida,VA
590,590,4652,Ladonna,Tucker,31,F,162 Kane Place,Infotrips,ladonnatucker@infotrips.com,Utting,IA
595,595,12478,Mccall,Britt,36,F,823 Hill Street,Cablam,mccallbritt@cablam.com,Vernon,CA
603,603,28145,Janette,Guzman,31,F,976 Kingston Avenue,Splinx,janetteguzman@splinx.com,Boomer,NC
608,608,47091,Carey,Whitley,32,F,976 Lawrence Street,Poshome,careywhitley@poshome.com,Weogufka,NE
610,610,40571,Foster,Weber,24,F,323 Rochester Avenue,Firewax,fosterweber@firewax.com,Winston,NY
615,615,28726,Delgado,Curry,28,F,706 Butler Street,Zoxy,delgadocurry@zoxy.com,Gracey,SD
622,622,9661,Paulette,Hartman,38,M,375 Emerald Street,Locazone,paulettehartman@locazone.com,Canterwood,OH
627,627,47546,Crawford,Sears,37,F,686 Eastern Parkway,Updat,crawfordsears@updat.com,Bison,VT
634,634,29805,Deloris,Levy,38,M,838 Foster Avenue,Homelux,delorislevy@homelux.com,Kempton,PA
639,639,28875,Caitlin,Clements,32,F,627 Aster Court,Bunga,caitlinclements@bunga.com,Cetronia,SC
641,641,18345,Sheppard,Everett,39,F,791 Norwood Avenue,Roboid,sheppardeverett@roboid.com,Selma,AK
646,646,15559,Lavonne,Reyes,31,F,983 Newport Street,Parcoe,lavonnereyes@parcoe.com,Monument,LA
653,653,7606,Marcia,Bennett,33,F,455 Bragg Street,Opticall,marciabennett@opticall.com,Magnolia,NC
658,658,10210,Bass,Mcconnell,32,F,274 Ocean Avenue,Combot,bassmcconnell@combot.com,Beyerville,OH
660,660,46427,Moon,Wood,33,F,916 Amersfort Place,Olucore,moonwood@olucore.com,Como,VA
665,665,15215,Britney,Young,36,M,766 Sackman Street,Geoforma,britneyyoung@geoforma.com,Tuttle,WI
672,672,12621,Camille,Munoz,36,F,959 Lewis Place,Vantage,camillemunoz@vantage.com,Whitmer,IN
677,677,8491,Snider,Benton,26,M,827 Evans Street,Medicroix,sniderbenton@medicroix.com,Kaka,UT
684,684,46091,Warren,Snow,25,M,756 Oakland Place,Bizmatic,warrensnow@bizmatic.com,Hatteras,NE
689,689,14985,Ines,Chaney,28,M,137 Dikeman Street,Zidant,ineschaney@zidant.com,Nettie,DC
691,691,10792,Mclean,Colon,22,M,876 Classon Avenue,Elentrix,mcleancolon@elentrix.com,Unionville,OK
696,696,17568,Crane,Matthews,32,F,721 Gerritsen Avenue,Intradisk,cranematthews@intradisk.com,Brewster,WV
704,704,45347,Peters,Kent,22,F,871 Independence Avenue,Extragen,peterskent@extragen.com,Morriston,CA
709,709,11015,Abbott,Odom,29,M,893 Union Street,Jimbies,abbottodom@jimbies.com,Leeper,NJ
711,711,26939,Villarreal,Horton,35,F,861 Creamer Street,Lexicondo,villarrealhorton@lexicondo.com,Lydia,MS
716,716,19789,Paul,Mason,34,F,618 Nichols Avenue,Slax,paulmason@slax.com,Snowville,OK
723,723,16421,Nixon,Moran,27,M,569 Campus Place,Cuizine,nixonmoran@cuizine.com,Buxton,DC
728,728,44818,Conley,Preston,28,M,450 Coventry Road,Obones,conleypreston@obones.com,Alden,CO
730,730,41299,Moore,Lee,30,M,797 Turner Place,Orbean,moorelee@orbean.com,Highland,DE
735,735,3984,Loraine,Willis,32,F,928 Grove Street,Gadtron,lorainewillis@gadtron.com,Lowgap,NY
742,742,24765,Merle,Wooten,26,M,317 Pooles Lane,Tropolis,merlewooten@tropolis.com,Bentley,ND
747,747,16617,Diaz,Austin,38,M,676 Harway Avenue,Irack,diazaustin@irack.com,Cliff,HI
754,754,10779,Jones,Vega,25,F,795 India Street,Gluid,jonesvega@gluid.com,Tyhee,FL
759,759,38007,Rose,Carlson,27,M,987 Navy Street,Aquasure,rosecarlson@aquasure.com,Carlton,CT
761,761,7663,Rae,Juarez,34,F,560 Gilmore Court,Entropix,raejuarez@entropix.com,Northchase,ID
766,766,21957,Thomas,Gillespie,38,M,993 Williams Place,Octocore,thomasgillespie@octocore.com,Defiance,MS
773,773,31126,Liza,Coffey,36,F,540 Bulwer Place,Assurity,lizacoffey@assurity.com,Gilgo,WV
778,778,46007,Underwood,Wheeler,28,M,477 Provost Street,Decratex,underwoodwheeler@decratex.com,Sardis,ID
780,780,4682,Maryanne,Hendricks,26,F,709 Wolcott Street,Sarasonic,maryannehendricks@sarasonic.com,Santel,NH
785,785,25078,Fields,Lester,29,M,808 Chestnut Avenue,Visualix,fieldslester@visualix.com,Rowe,PA
792,792,13109,Becky,Jimenez,40,F,539 Front Street,Isologia,beckyjimenez@isologia.com,Summertown,MI
797,797,6854,Lindsay,Mills,26,F,919 Quay Street,Zoinage,lindsaymills@zoinage.com,Elliston,VA
800,800,26217,Candy,Oconnor,28,M,200 Newel Street,Radiantix,candyoconnor@radiantix.com,Sandston,OH
805,805,18426,Jackson,Sampson,27,F,722 Kenmore Court,Daido,jacksonsampson@daido.com,Bellamy,ME
812,812,42593,Graves,Newman,32,F,916 Joralemon Street,Ecrater,gravesnewman@ecrater.com,Crown,PA
817,817,36582,Padilla,Bauer,36,F,310 Cadman Plaza,Exoblue,padillabauer@exoblue.com,Ahwahnee,MN
824,824,6053,Dyer,Henson,33,M,650 Seaview Avenue,Nitracyr,dyerhenson@nitracyr.com,Gibsonia,KS
829,829,20263,Althea,Bell,37,M,319 Cook Street,Hyplex,altheabell@hyplex.com,Wadsworth,DC
831,831,25375,Wendy,Savage,37,M,421 Veranda Place,Neurocell,wendysavage@neurocell.com,Fresno,MS
836,836,20797,Lloyd,Lindsay,25,F,953 Dinsmore Place,Suretech,lloydlindsay@suretech.com,Conway,VA
843,843,15555,Patricia,Barton,34,F,406 Seabring Street,Providco,patriciabarton@providco.com,Avoca,RI
848,848,15443,Carmella,Cash,38,M,988 Exeter Street,Bristo,carmellacash@bristo.com,Northridge,ID
850,850,6531,Carlene,Gaines,37,F,753 Monroe Place,Naxdis,carlenegaines@naxdis.com,Genoa,OR
855,855,40170,Mia,Stevens,31,F,326 Driggs Avenue,Aeora,miastevens@aeora.com,Delwood,IL
862,862,38792,Clayton,Golden,38,F,620 Regent Place,Accusage,claytongolden@accusage.com,Ona,NC
867,867,45453,Blanca,Ellison,23,F,593 McKibben Street,Koogle,blancaellison@koogle.com,Frystown,WY
874,874,23079,Lynette,Higgins,22,M,377 McKinley Avenue,Menbrain,lynettehiggins@menbrain.com,Manitou,TX
879,879,48332,Sabrina,Lancaster,31,F,382 Oak Street,Webiotic,sabrinalancaster@webiotic.com,Lindisfarne,AZ
881,881,26684,Barnes,Ware,38,F,666 Hooper Street,Norali,barnesware@norali.com,Cazadero,GA
886,886,14867,Willa,Leblanc,38,F,773 Bergen Street,Nurali,willaleblanc@nurali.com,Hilltop,NC
893,893,42584,Moses,Campos,38,F,991 Bevy Court,Trollery,mosescampos@trollery.com,Freetown,AK
898,898,12019,Lori,Stevenson,29,M,910 Coles Street,Honotron,loristevenson@honotron.com,Shindler,VT
901,901,35038,Irma,Dotson,23,F,245 Mayfair Drive,Bleeko,irmadotson@bleeko.com,Lodoga,UT
906,906,24073,Vicki,Suarez,36,M,829 Roosevelt Place,Utara,vickisuarez@utara.com,Albrightsville,AR
913,913,47657,Margery,Monroe,25,M,941 Fanchon Place,Exerta,margerymonroe@exerta.com,Bannock,MD
918,918,36776,Dianna,Hernandez,25,M,499 Moultrie Street,Isologica,diannahernandez@isologica.com,Falconaire,ID
920,920,41513,Jerri,Mitchell,26,M,831 Kent Street,Tasmania,jerrimitchell@tasmania.com,Cotopaxi,IA
925,925,18295,Rosario,Jackson,24,M,178 Leonora Court,Progenex,rosariojackson@progenex.com,Rivereno,DE
932,932,3111,Summer,Porter,33,F,949 Grand Avenue,Multiflex,summerporter@multiflex.com,Spokane,OK
937,937,43491,Selma,Anderson,24,M,205 Reed Street,Dadabase,selmaanderson@dadabase.com,Malo,AL
944,944,46478,Donaldson,Woodard,38,F,498 Laurel Avenue,Zogak,donaldsonwoodard@zogak.com,Hasty,ID
949,949,48703,Latasha,Mullins,29,F,272 Lefferts Place,Zenolux,latashamullins@zenolux.com,Kieler,MN
951,951,36337,Tran,Burris,25,F,561 Rutland Road,Geoform,tranburris@geoform.com,Longbranch,IL
956,956,19477,Randall,Lynch,22,F,490 Madison Place,Cosmetex,randalllynch@cosmetex.com,Wells,SD
963,963,30461,Griffin,Sheppard,20,M,682 Linden Street,Zanymax,griffinsheppard@zanymax.com,Fannett,NM
968,968,32371,Luella,Burch,39,M,684 Arkansas Drive,Krag,luellaburch@krag.com,Brambleton,SD
970,970,19648,Forbes,Wallace,28,M,990 Mill Road,Pheast,forbeswallace@pheast.com,Lopezo,AK
975,975,5239,Delores,Booker,27,F,328 Conselyea Street,Centice,deloresbooker@centice.com,Williams,HI
982,982,16511,Buck,Robinson,24,M,301 Melrose Street,Calcu,buckrobinson@calcu.com,Welch,PA
987,987,4072,Brock,Sandoval,20,F,977 Gem Street,Fiberox,brocksandoval@fiberox.com,Celeryville,NY
994,994,33298,Madge,Holcomb,31,M,612 Hawthorne Street,Escenta,madgeholcomb@escenta.com,Alafaya,OR
999,999,6087,Dorothy,Barron,22,F,499 Laurel Avenue,Xurban,dorothybarron@xurban.com,Belvoir,CA
4,4,27658,Rodriquez,Flores,31,F,986 Wyckoff Avenue,Tourmania,rodriquezflores@tourmania.com,Eastvale,HI
9,9,24776,Opal,Meadows,39,M,963 Neptune Avenue,Cedward,opalmeadows@cedward.com,Olney,OH
11,11,20203,Jenkins,Haney,20,M,740 Ferry Place,Qimonk,jenkinshaney@qimonk.com,Steinhatchee,GA
16,16,35883,Adrian,Pitts,34,F,963 Fay Court,Combogene,adrianpitts@combogene.com,Remington,SD
23,23,42374,Kirsten,Fox,20,M,330 Dumont Avenue,Codax,kirstenfox@codax.com,Walton,AK
28,28,42112,Vega,Flynn,20,M,647 Hyman Court,Accupharm,vegaflynn@accupharm.com,Masthope,OH
30,30,19087,Lamb,Townsend,26,M,169 Lyme Avenue,Geeknet,lambtownsend@geeknet.com,Epworth,AL
35,35,42039,Darla,Bridges,27,F,315 Central Avenue,Xeronk,darlabridges@xeronk.com,Woodlake,RI
42,42,21137,Harding,Hobbs,26,F,474 Ridgewood Place,Xth,hardinghobbs@xth.com,Heil,ND
47,47,33044,Georgia,Wilkerson,23,M,369 Herbert Street,Endipin,georgiawilkerson@endipin.com,Dellview,WI
54,54,23406,Angel,Mann,22,F,229 Ferris Street,Amtas,angelmann@amtas.com,Calverton,WA
59,59,37728,Malone,Justice,37,F,721 Russell Street,Emoltra,malonejustice@emoltra.com,Trucksville,HI
61,61,6856,Shawn,Baird,20,M,605 Monument Walk,Moltonic,shawnbaird@moltonic.com,Darlington,MN
66,66,25939,Franks,Salinas,28,M,437 Hamilton Walk,Cowtown,frankssalinas@cowtown.com,Chase,VT
73,73,33457,Irene,Stephenson,32,M,684 Miller Avenue,Hawkster,irenestephenson@hawkster.com,Levant,AR
78,78,48656,Elvira,Patterson,23,F,834 Amber Street,Assistix,elvirapatterson@assistix.com,Dunbar,TN
80,80,13445,Lacey,Blanchard,30,F,823 Himrod Street,Comdom,laceyblanchard@comdom.com,Matthews,MO
85,85,48735,Wilcox,Sellers,20,M,212 Irving Avenue,Confrenzy,wilcoxsellers@confrenzy.com,Kipp,MT
92,92,26753,Gay,Brewer,34,M,369 Ditmars Street,Savvy,gaybrewer@savvy.com,Moquino,HI
97,97,49671,Karen,Trujillo,40,F,512 Cumberland Walk,Tsunamia,karentrujillo@tsunamia.com,Fredericktown,MO
100,100,29869,Madden,Woods,32,F,696 Ryder Avenue,Slumberia,maddenwoods@slumberia.com,Deercroft,ME
105,105,29654,Castillo,Dickerson,33,F,673 Oxford Street,Tellifly,castillodickerson@tellifly.com,Succasunna,NY
112,112,38395,Frederick,Case,30,F,580 Lexington Avenue,Talkalot,frederickcase@talkalot.com,Orovada,MA
117,117,48831,Robin,Hays,38,F,347 Hornell Loop,Pasturia,robinhays@pasturia.com,Sims,WY
124,124,16425,Fern,Lambert,20,M,511 Jay Street,Furnitech,fernlambert@furnitech.com,Cloverdale,FL
129,129,42409,Alexandria,Sanford,33,F,934 Ridgecrest Terrace,Kyagoro,alexandriasanford@kyagoro.com,Concho,UT
131,131,28030,Dollie,Koch,22,F,287 Manhattan Avenue,Skinserve,dolliekoch@skinserve.com,Shasta,PA
136,136,45801,Winnie,Holland,38,M,198 Mill Lane,Neteria,winnieholland@neteria.com,Urie,IL
143,143,43093,Cohen,Noble,39,M,454 Nelson Street,Buzzworks,cohennoble@buzzworks.com,Norvelt,CO
148,148,3662,Annmarie,Snider,34,F,857 Lafayette Walk,Edecine,annmariesnider@edecine.com,Hollins,OH
150,150,15306,Ortega,Dalton,20,M,237 Mermaid Avenue,Rameon,ortegadalton@rameon.com,Maxville,NH
155,155,27878,Atkinson,Hudson,39,F,434 Colin Place,Qualitern,atkinsonhudson@qualitern.com,Hoehne,OH
162,162,6302,Griffith,Calderon,35,M,871 Vandervoort Place,Quotezart,griffithcalderon@quotezart.com,Barclay,FL
167,167,42051,Hampton,Ryan,20,M,618 Fleet Place,Zipak,hamptonryan@zipak.com,Irwin,KS
174,174,1464,Gamble,Pierce,23,F,650 Eagle Street,Matrixity,gamblepierce@matrixity.com,Abiquiu,OR
179,179,13265,Elise,Drake,25,M,305 Christopher Avenue,Turnling,elisedrake@turnling.com,Loretto,LA
181,181,27983,Bennett,Hampton,22,F,435 Billings Place,Voipa,bennetthampton@voipa.com,Rodman,WY
186,186,18373,Kline,Joyce,32,M,285 Falmouth Street,Tetratrex,klinejoyce@tetratrex.com,Klondike,SD
193,193,13412,Patty,Petty,34,F,251 Vermont Street,Kinetica,pattypetty@kinetica.com,Grantville,MS
198,198,19686,Rachael,Sharp,38,F,443 Vernon Avenue,Powernet,rachaelsharp@powernet.com,Canoochee,UT
201,201,14586,Ronda,Perry,25,F,856 Downing Street,Artiq,rondaperry@artiq.com,Colton,WV
206,206,47423,Kelli,Francis,20,M,671 George Street,Exoswitch,kellifrancis@exoswitch.com,Babb,NJ
213,213,34172,Bauer,Summers,27,M,257 Boynton Place,Voratak,bauersummers@voratak.com,Oceola,NC
218,218,26702,Garrison,Bryan,24,F,478 Greenpoint Avenue,Uniworld,garrisonbryan@uniworld.com,Comptche,WI
220,220,3086,Tania,Middleton,22,F,541 Gunther Place,Zerology,taniamiddleton@zerology.com,Linwood,IN
225,225,21949,Maryann,Murphy,24,F,894 Bridgewater Street,Cinesanct,maryannmurphy@cinesanct.com,Cartwright,RI
232,232,11984,Carr,Jensen,34,F,995 Micieli Place,Biohab,carrjensen@biohab.com,Waikele,OH
237,237,5603,Kirby,Watkins,27,F,348 Blake Court,Sonique,kirbywatkins@sonique.com,Freelandville,PA
244,244,8048,Judith,Riggs,27,F,590 Kosciusko Street,Arctiq,judithriggs@arctiq.com,Gorham,DC
249,249,16822,Mckinney,Gallagher,38,F,939 Seigel Court,Premiant,mckinneygallagher@premiant.com,Catharine,NH
251,251,13475,Marks,Graves,39,F,427 Lawn Court,Dentrex,marksgraves@dentrex.com,Waukeenah,IL
256,256,48318,Simon,Hogan,31,M,789 Suydam Place,Dancerity,simonhogan@dancerity.com,Dargan,GA
263,263,12837,Thornton,Meyer,29,M,575 Elliott Place,Peticular,thorntonmeyer@peticular.com,Dotsero,NH
268,268,20925,Avis,Blackwell,36,M,569 Jerome Avenue,Magnina,avisblackwell@magnina.com,Bethany,MD
270,270,43951,Moody,Harmon,39,F,233 Vanderbilt Street,Otherside,moodyharmon@otherside.com,Elwood,MT
275,275,2384,Reynolds,Barnett,31,M,394 Stockton Street,Austex,reynoldsbarnett@austex.com,Grandview,MS
282,282,38540,Gay,Schultz,25,F,805 Claver Place,Handshake,gayschultz@handshake.com,Tampico,MA
287,287,10845,Valerie,Lang,35,F,423 Midwood Street,Quarx,valerielang@quarx.com,Cannondale,VT
294,294,29582,Pitts,Haynes,26,M,901 Broome Street,Aquazure,pittshaynes@aquazure.com,Turah,SD
299,299,40825,Angela,Talley,36,F,822 Bills Place,Remold,angelatalley@remold.com,Bethpage,DC
302,302,11298,Isabella,Hewitt,40,M,455 Bedford Avenue,Cincyr,isabellahewitt@cincyr.com,Blanford,IN
307,307,43355,Enid,Ashley,23,M,412 Emerson Place,Avenetro,enidashley@avenetro.com,Catherine,WI
314,314,5848,Norton,Norton,35,M,252 Ditmas Avenue,Talkola,nortonnorton@talkola.com,Veyo,SC
319,319,15430,Ferrell,Mckinney,36,M,874 Cranberry Street,Portaline,ferrellmckinney@portaline.com,Rose,WV
321,321,43370,Marta,Larsen,35,M,617 Williams Court,Manufact,martalarsen@manufact.com,Sisquoc,MA
326,326,9692,Pearl,Reese,30,F,451 Colonial Court,Accruex,pearlreese@accruex.com,Westmoreland,MD
333,333,22778,Trudy,Sweet,27,F,881 Kiely Place,Acumentor,trudysweet@acumentor.com,Kent,IA
338,338,6969,Pierce,Lawrence,35,M,318 Gallatin Place,Lunchpad,piercelawrence@lunchpad.com,Iola,MD
340,340,42072,Juarez,Gutierrez,40,F,802 Seba Avenue,Billmed,juarezgutierrez@billmed.com,Malott,OH
345,345,9812,Parker,Hines,38,M,715 Mill Avenue,Baluba,parkerhines@baluba.com,Blackgum,KY
352,352,20290,Kendra,Mcintosh,31,F,963 Wolf Place,Orboid,kendramcintosh@orboid.com,Bladensburg,AK
357,357,15102,Adele,Carroll,39,F,381 Arion Place,Aquafire,adelecarroll@aquafire.com,Springville,RI
364,364,35247,Felicia,Merrill,40,F,229 Branton Street,Prosely,feliciamerrill@prosely.com,Dola,MA
369,369,17047,Mcfadden,Guy,28,F,445 Lott Avenue,Kangle,mcfaddenguy@kangle.com,Greenbackville,DE
371,371,19751,Barker,Allen,32,F,295 Wallabout Street,Nexgene,barkerallen@nexgene.com,Nanafalia,NE
376,376,44407,Mcmillan,Dunn,21,F,771 Dorchester Road,Eargo,mcmillandunn@eargo.com,Yogaville,RI
383,383,48889,Knox,Larson,28,F,962 Bartlett Place,Bostonic,knoxlarson@bostonic.com,Smeltertown,TX
388,388,9606,Julianne,Nicholson,26,F,338 Crescent Street,Viasia,juliannenicholson@viasia.com,Alleghenyville,MO
390,390,7464,Ramona,Roy,32,M,135 Banner Avenue,Deminimum,ramonaroy@deminimum.com,Dodge,ID
395,395,18679,Juliet,Whitaker,31,M,128 Remsen Avenue,Toyletry,julietwhitaker@toyletry.com,Yonah,LA
403,403,18833,Williamson,Horn,32,M,223 Strickland Avenue,Nimon,williamsonhorn@nimon.com,Bawcomville,NJ
408,408,34666,Lidia,Guerrero,30,M,254 Stratford Road,Snowpoke,lidiaguerrero@snowpoke.com,Fairlee,LA
410,410,31200,Fox,Cardenas,39,M,987 Monitor Street,Corpulse,foxcardenas@corpulse.com,Southview,NE
415,415,19449,Martinez,Benson,36,M,172 Berkeley Place,Enersol,martinezbenson@enersol.com,Chumuckla,AL
422,422,40162,Brigitte,Scott,26,M,662 Vermont Court,Waretel,brigittescott@waretel.com,Elrama,VA
427,427,1463,Rebekah,Garrison,36,F,837 Hampton Avenue,Niquent,rebekahgarrison@niquent.com,Zarephath,NY
434,434,11329,Christa,Huff,25,M,454 Oriental Boulevard,Earthpure,christahuff@earthpure.com,Stevens,DC
439,439,22752,Lula,Williams,35,M,630 Furman Avenue,Vinch,lulawilliams@vinch.com,Newcastle,ME
441,441,47947,Dickson,Mcgee,29,M,478 Knight Court,Gogol,dicksonmcgee@gogol.com,Laurelton,AR
446,446,23071,Lolita,Fleming,32,F,918 Bridge Street,Vidto,lolitafleming@vidto.com,Brownlee,HI
453,453,21520,Hood,Powell,24,F,479 Brevoort Place,Vortexaco,hoodpowell@vortexaco.com,Alderpoint,CT
458,458,8865,Aida,Wolf,21,F,403 Thames Street,Isis,aidawolf@isis.com,Bordelonville,ME
460,460,37734,Aguirre,White,21,F,190 Crooke Avenue,Unq,aguirrewhite@unq.com,Albany,NJ
465,465,10681,Pearlie,Holman,29,M,916 Evergreen Avenue,Hometown,pearlieholman@hometown.com,Needmore,UT
472,472,25571,Lee,Long,32,F,288 Mill Street,Comverges,leelong@comverges.com,Movico,MT
477,477,25892,Holcomb,Cobb,40,M,369 Marconi Place,Steeltab,holcombcobb@steeltab.com,Byrnedale,CA
484,484,3274,Staci,Melendez,35,F,751 Otsego Street,Namebox,stacimelendez@namebox.com,Harborton,NV
489,489,7879,Garrett,Langley,36,M,331 Bowne Street,Zillidium,garrettlangley@zillidium.com,Riviera,LA
491,491,42942,Teresa,Owen,24,F,713 Canton Court,Plasmos,teresaowen@plasmos.com,Bartonsville,NH
496,496,14869,Alison,Conrad,35,F,347 Varet Street,Perkle,alisonconrad@perkle.com,Cliffside,OH
504,504,49205,Shanna,Chambers,23,M,220 Beard Street,Corporana,shannachambers@corporana.com,Cashtown,AZ
509,509,34754,Durham,Pacheco,40,M,129 Plymouth Street,Datacator,durhampacheco@datacator.com,Loveland,NC
511,511,40908,Elba,Grant,24,F,157 Bijou Avenue,Dognost,elbagrant@dognost.com,Coyote,MT
516,516,44940,Roy,Smith,37,M,770 Cherry Street,Parleynet,roysmith@parleynet.com,Carrsville,RI
523,523,28729,Amalia,Benjamin,40,F,173 Bushwick Place,Sentia,amaliabenjamin@sentia.com,Jacumba,OK
528,528,4071,Thompson,Hoover,27,F,580 Garden Street,Portalis,thompsonhoover@portalis.com,Knowlton,AL
530,530,8840,Kathrine,Evans,37,M,422 Division Place,Spherix,kathrineevans@spherix.com,Biddle,CO
535,535,8715,Fry,George,34,M,722 Green Street,Ewaves,frygeorge@ewaves.com,Kenmar,DE
542,542,23285,Michelle,Mayo,35,M,657 Caton Place,Biflex,michellemayo@biflex.com,Beaverdale,WY
547,547,12870,Eaton,Rios,32,M,744 Withers Street,Podunk,eatonrios@podunk.com,Chelsea,IA
554,554,33163,Townsend,Atkins,39,M,566 Ira Court,Acruex,townsendatkins@acruex.com,Valle,IA
559,559,11450,Tonia,Schmidt,38,F,508 Sheffield Avenue,Extro,toniaschmidt@extro.com,Newry,CT
561,561,12370,Sellers,Davis,30,M,860 Madoc Avenue,Isodrive,sellersdavis@isodrive.com,Trail,KS
566,566,6183,Cox,Roman,37,M,349 Winthrop Street,Medcom,coxroman@medcom.com,Rosewood,WY
573,573,32171,Callie,Castaneda,36,M,799 Scott Avenue,Earthwax,calliecastaneda@earthwax.com,Marshall,NH
578,578,34259,Holmes,Mcknight,37,M,969 Metropolitan Avenue,Cubicide,holmesmcknight@cubicide.com,Aguila,PA
580,580,13716,Mcmahon,York,34,M,475 Beacon Court,Zillar,mcmahonyork@zillar.com,Farmington,MO
585,585,26745,Nieves,Nolan,32,M,115 Seagate Terrace,Jumpstack,nievesnolan@jumpstack.com,Eastmont,UT
592,592,32968,Head,Webster,36,F,987 Lefferts Avenue,Empirica,headwebster@empirica.com,Rockingham,TN
597,597,11246,Penny,Knowles,33,M,139 Forbell Street,Ersum,pennyknowles@ersum.com,Vallonia,IA
600,600,10336,Simmons,Byers,37,M,250 Dictum Court,Qualitex,simmonsbyers@qualitex.com,Wanship,OH
605,605,38427,Mcclain,Manning,24,M,832 Leonard Street,Qiao,mcclainmanning@qiao.com,Calvary,TX
612,612,11868,Dunn,Cameron,32,F,156 Lorimer Street,Isonus,dunncameron@isonus.com,Virgie,ND
617,617,35445,Kitty,Cooley,22,M,788 Seagate Avenue,Ultrimax,kittycooley@ultrimax.com,Clarktown,MD
624,624,27538,Roxanne,Franklin,39,F,299 Woodrow Court,Silodyne,roxannefranklin@silodyne.com,Roulette,VA
629,629,32987,Mcclure,Rodgers,26,M,806 Pierrepont Place,Elita,mcclurerodgers@elita.com,Brownsville,MI
631,631,21657,Corrine,Barber,32,F,447 Hunts Lane,Quarmony,corrinebarber@quarmony.com,Wyano,IL
636,636,8036,Agnes,Hooper,25,M,865 Hanson Place,Digial,agneshooper@digial.com,Sperryville,OK
643,643,8057,Hendricks,Stokes,23,F,142 Barbey Street,Remotion,hendricksstokes@remotion.com,Lewis,MA
648,648,11506,Terry,Montgomery,21,F,115 Franklin Avenue,Enervate,terrymontgomery@enervate.com,Bascom,MA
650,650,18091,Benton,Knight,28,F,850 Aitken Place,Pholio,bentonknight@pholio.com,Cobbtown,AL
655,655,22912,Eula,Taylor,30,M,520 Orient Avenue,Miracula,eulataylor@miracula.com,Wacissa,IN
662,662,10138,Daisy,Burnett,33,M,114 Norman Avenue,Liquicom,daisyburnett@liquicom.com,Grahamtown,MD
667,667,22559,Juliana,Chase,32,M,496 Coleridge Street,Comtract,julianachase@comtract.com,Wilsonia,NJ
674,674,36038,Watts,Shannon,22,F,600 Story Street,Joviold,wattsshannon@joviold.com,Fairhaven,ID
679,679,20149,Henrietta,Bonner,33,M,461 Bond Street,Geekol,henriettabonner@geekol.com,Richville,WA
681,681,34244,Velazquez,Wolfe,33,M,773 Eckford Street,Zisis,velazquezwolfe@zisis.com,Smock,ME
686,686,10116,Decker,Mcclure,30,F,236 Commerce Street,Everest,deckermcclure@everest.com,Gibbsville,TN
693,693,31233,Tabatha,Zimmerman,30,F,284 Emmons Avenue,Pushcart,tabathazimmerman@pushcart.com,Esmont,NC
698,698,14965,Baker,Armstrong,36,F,796 Tehama Street,Nurplex,bakerarmstrong@nurplex.com,Starks,UT
701,701,23772,Gardner,Griffith,27,M,187 Moore Place,Vertide,gardnergriffith@vertide.com,Coventry,NV
706,706,5282,Eliza,Potter,39,M,945 Dunham Place,Playce,elizapotter@playce.com,Woodruff,AK
713,713,20054,Iris,Mcguire,21,F,508 Benson Avenue,Duflex,irismcguire@duflex.com,Hillsboro,MO
718,718,13876,Hickman,Dillard,22,F,132 Etna Street,Genmy,hickmandillard@genmy.com,Curtice,NV
720,720,31356,Ruth,Vance,32,F,229 Adams Street,Zilidium,ruthvance@zilidium.com,Allison,IA
725,725,14677,Reeves,Tillman,26,M,674 Ivan Court,Cemention,reevestillman@cemention.com,Navarre,MA
732,732,38445,Delia,Cruz,37,F,870 Cheever Place,Multron,deliacruz@multron.com,Cresaptown,NH
737,737,40431,Sampson,Yates,23,F,214 Cox Place,Signidyne,sampsonyates@signidyne.com,Brazos,GA
744,744,8690,Bernard,Martinez,21,M,148 Dunne Place,Dragbot,bernardmartinez@dragbot.com,Moraida,MN
749,749,1249,Rush,Boyle,36,M,310 Argyle Road,Sportan,rushboyle@sportan.com,Brady,WA
751,751,49252,Patrick,Osborne,23,M,915 Prospect Avenue,Gynko,patrickosborne@gynko.com,Takilma,MO
756,756,40006,Jasmine,Howell,32,M,605 Elliott Walk,Ecratic,jasminehowell@ecratic.com,Harrodsburg,OH
763,763,12091,Liz,Bentley,22,F,933 Debevoise Avenue,Nipaz,lizbentley@nipaz.com,Glenville,NJ
768,768,2213,Sondra,Soto,21,M,625 Colonial Road,Navir,sondrasoto@navir.com,Benson,VA
770,770,39505,Joann,Crane,26,M,798 Farragut Place,Lingoage,joanncrane@lingoage.com,Kirk,MA
775,775,27943,Wilson,Merritt,33,F,288 Thornton Street,Geeky,wilsonmerritt@geeky.com,Holtville,HI
782,782,3960,Maldonado,Craig,36,F,345 Myrtle Avenue,Zilencio,maldonadocraig@zilencio.com,Yukon,ID
787,787,11876,Harper,Wynn,21,F,139 Oceanic Avenue,Interfind,harperwynn@interfind.com,Gerber,ND
794,794,16491,Walker,Charles,32,M,215 Kenilworth Place,Orbin,walkercharles@orbin.com,Rivers,WI
799,799,2889,Myra,Guerra,28,F,625 Dahlgreen Place,Digigene,myraguerra@digigene.com,Draper,CA
802,802,19630,Gracie,Foreman,40,F,219 Kent Avenue,Supportal,gracieforeman@supportal.com,Westboro,NH
807,807,29206,Hatfield,Lowe,23,M,499 Adler Place,Lovepad,hatfieldlowe@lovepad.com,Wiscon,DC
814,814,9838,Morse,Mcbride,26,F,776 Calyer Street,Inear,morsemcbride@inear.com,Kingstowne,ND
819,819,3971,Karyn,Medina,24,F,417 Utica Avenue,Qnekt,karynmedina@qnekt.com,Kerby,WY
821,821,33271,Trisha,Blankenship,22,M,329 Jamaica Avenue,Chorizon,trishablankenship@chorizon.com,Sexton,VT
826,826,11548,Summers,Vinson,22,F,742 Irwin Street,Globoil,summersvinson@globoil.com,Callaghan,WY
833,833,46154,Woodward,Hood,22,M,398 Atkins Avenue,Zedalis,woodwardhood@zedalis.com,Stonybrook,NE
838,838,24629,Latonya,Blake,37,F,531 Milton Street,Rugstars,latonyablake@rugstars.com,Tedrow,WA
840,840,39615,Boone,Gomez,38,M,256 Hampton Place,Geekular,boonegomez@geekular.com,Westerville,HI
845,845,35422,Tracy,Vaughn,39,M,645 Rockaway Parkway,Andryx,tracyvaughn@andryx.com,Wilmington,ME
852,852,6041,Allen,Hammond,26,M,793 Essex Street,Tersanki,allenhammond@tersanki.com,Osmond,NC
857,857,39678,Alyce,Douglas,23,M,326 Robert Street,Earbang,alycedouglas@earbang.com,Thornport,GA
864,864,21804,Duffy,Anthony,23,M,582 Cooke Court,Schoolio,duffyanthony@schoolio.com,Brenton,CO
869,869,43544,Corinne,Robbins,25,F,732 Quentin Road,Orbaxter,corinnerobbins@orbaxter.com,Roy,TN
871,871,35854,Norma,Burt,32,M,934 Cyrus Avenue,Magnafone,normaburt@magnafone.com,Eden,TN
876,876,48568,Brady,Glover,21,F,565 Oceanview Avenue,Comvex,bradyglover@comvex.com,Noblestown,ID
883,883,33679,Austin,Jefferson,34,M,846 Lincoln Avenue,Polarax,austinjefferson@polarax.com,Savannah,CT
888,888,22277,Myrna,Herman,39,F,649 Harwood Place,Enthaze,myrnaherman@enthaze.com,Idamay,AR
890,890,31198,Alvarado,Pate,25,M,269 Ashland Place,Ovolo,alvaradopate@ovolo.com,Volta,MI
895,895,7327,Lara,Mcdaniel,36,M,854 Willow Place,Acusage,laramcdaniel@acusage.com,Imperial,NC
903,903,10238,Wade,Page,35,F,685 Waldorf Court,Eplosion,wadepage@eplosion.com,Welda,AL
908,908,45975,Mosley,Holloway,31,M,929 Eldert Lane,Anivet,mosleyholloway@anivet.com,Biehle,MS
910,910,36831,Esmeralda,James,23,F,535 High Street,Terrasys,esmeraldajames@terrasys.com,Dubois,IN
915,915,19816,Farrell,French,35,F,126 McKibbin Street,Techmania,farrellfrench@techmania.com,Wescosville,AL
922,922,39347,Irwin,Pugh,32,M,463 Shale Street,Idego,irwinpugh@idego.com,Ivanhoe,ID
927,927,19976,Jeanette,Acevedo,26,M,694 Polhemus Place,Halap,jeanetteacevedo@halap.com,Harrison,MO
934,934,43987,Freida,Daniels,34,M,448 Cove Lane,Vurbo,freidadaniels@vurbo.com,Snelling,NJ
939,939,31228,Hodges,Massey,37,F,431 Dahl Court,Kegular,hodgesmassey@kegular.com,Katonah,MD
941,941,38796,Kim,Moss,28,F,105 Onderdonk Avenue,Digirang,kimmoss@digirang.com,Centerville,TX
946,946,42794,Ina,Obrien,36,M,339 Rewe Street,Eclipsent,inaobrien@eclipsent.com,Soham,RI
953,953,1110,Baxter,Black,27,M,720 Stillwell Avenue,Uplinx,baxterblack@uplinx.com,Drummond,MN
958,958,32849,Brown,Wilkins,40,M,686 Delmonico Place,Medesign,brownwilkins@medesign.com,Shelby,WY
960,960,2905,Curry,Vargas,40,M,242 Blake Avenue,Pearlesex,curryvargas@pearlesex.com,Henrietta,NH
965,965,21882,Patrica,Melton,28,M,141 Rodney Street,Flexigen,patricamelton@flexigen.com,Klagetoh,MD
972,972,24719,Leona,Christian,26,F,900 Woodpoint Road,Extrawear,leonachristian@extrawear.com,Roderfield,MA
977,977,6744,Rodgers,Mccray,21,F,612 Duryea Place,Papricut,rodgersmccray@papricut.com,Marenisco,MD
984,984,1904,Viola,Crawford,35,F,354 Linwood Street,Ginkle,violacrawford@ginkle.com,Witmer,AR
989,989,48622,Franklin,Frank,38,M,270 Carlton Avenue,Shopabout,franklinfrank@shopabout.com,Guthrie,NC
991,991,4239,Connie,Berry,28,F,647 Gardner Avenue,Flumbo,connieberry@flumbo.com,Frierson,MO
996,996,17541,Andrews,Herrera,30,F,570 Vandam Street,Klugger,andrewsherrera@klugger.com,Whitehaven,MN
0,0,16623,Bradshaw,Mckenzie,29,F,244 Columbus Place,Euron,bradshawmckenzie@euron.com,Hobucken,CO
5,5,29342,Leola,Stewart,30,F,311 Elm Place,Diginetic,leolastewart@diginetic.com,Fairview,NJ
12,12,37055,Stafford,Brock,20,F,296 Wythe Avenue,Uncorp,staffordbrock@uncorp.com,Bend,AL
17,17,7831,Bessie,Orr,31,F,239 Hinsdale Street,Skyplex,bessieorr@skyplex.com,Graball,FL
24,24,44182,Wood,Dale,39,M,582 Gelston Avenue,Besto,wooddale@besto.com,Juntura,MI
29,29,27323,Leah,Santiago,33,M,193 Schenck Avenue,Isologix,leahsantiago@isologix.com,Gerton,ND
31,31,30443,Kristen,Santana,22,F,130 Middagh Street,Dogspa,kristensantana@dogspa.com,Vale,MA
36,36,15902,Alexandra,Nguyen,39,F,389 Elizabeth Place,Bittor,alexandranguyen@bittor.com,Hemlock,KY
43,43,33474,Ryan,Howe,25,M,660 Huntington Street,Microluxe,ryanhowe@microluxe.com,Clara,CT
48,48,40608,Peck,Downs,39,F,594 Dwight Street,Ramjob,peckdowns@ramjob.com,Coloma,WA
50,50,43695,Sheena,Kirkland,33,M,598 Bank Street,Zerbina,sheenakirkland@zerbina.com,Walland,IN
55,55,22020,Shelia,Puckett,33,M,265 Royce Place,Izzby,sheliapuckett@izzby.com,Slovan,HI
62,62,43065,Lester,Stanton,37,M,969 Doughty Street,Geekko,lesterstanton@geekko.com,Itmann,DC
67,67,39430,Isabelle,Spence,39,M,718 Troy Avenue,Geeketron,isabellespence@geeketron.com,Camptown,WA
74,74,47167,Lauri,Saunders,38,F,768 Lynch Street,Securia,laurisaunders@securia.com,Caroline,TN
79,79,28185,Booker,Lowery,29,M,817 Campus Road,Sensate,bookerlowery@sensate.com,Carlos,MT
81,81,46568,Dennis,Gilbert,40,M,619 Minna Street,Melbacor,dennisgilbert@melbacor.com,Kersey,ND
86,86,15428,Walton,Butler,36,M,999 Schenck Street,Unisure,waltonbutler@unisure.com,Bentonville,IL
93,93,17728,Jeri,Booth,31,M,322 Roosevelt Court,Geekology,jeribooth@geekology.com,Leming,ND
98,98,15085,Cora,Barrett,24,F,555 Neptune Court,Kiosk,corabarrett@kiosk.com,Independence,MN
101,101,43400,Cecelia,Grimes,31,M,972 Lincoln Place,Ecosys,ceceliagrimes@ecosys.com,Manchester,AR
106,106,8212,Josefina,Wagner,36,M,418 Estate Road,Kyaguru,josefinawagner@kyaguru.com,Darbydale,FL
113,113,41652,Burt,Moses,27,M,633 Berry Street,Uni,burtmoses@uni.com,Russellville,CT
118,118,2223,Ballard,Vasquez,33,F,101 Bush Street,Intergeek,ballardvasquez@intergeek.com,Century,MN
120,120,38565,Browning,Rodriquez,33,M,910 Moore Street,Opportech,browningrodriquez@opportech.com,Cutter,ND
125,125,5396,Tanisha,Dixon,30,M,482 Hancock Street,Junipoor,tanishadixon@junipoor.com,Wauhillau,IA
132,132,37707,Horton,Romero,35,M,427 Rutherford Place,Affluex,hortonromero@affluex.com,Hall,AK
137,137,3596,Frost,Freeman,29,F,191 Dennett Place,Beadzza,frostfreeman@beadzza.com,Sabillasville,HI
144,144,43257,Evans,Dyer,30,F,912 Post Court,Magmina,evansdyer@magmina.com,Gordon,HI
149,149,22994,Megan,Gonzales,21,M,836 Tampa Court,Andershun,megangonzales@andershun.com,Rockhill,AL
151,151,34473,Kent,Joyner,20,F,799 Truxton Street,Kozgene,kentjoyner@kozgene.com,Allamuchy,DC
156,156,40185,Sloan,Pennington,24,F,573 Opal Court,Hopeli,sloanpennington@hopeli.com,Evergreen,CT
163,163,43075,Wilda,Norman,33,F,173 Beadel Street,Kog,wildanorman@kog.com,Bodega,ME
168,168,49568,Carissa,Simon,20,M,975 Flatbush Avenue,Zillacom,carissasimon@zillacom.com,Neibert,IL
170,170,6025,Mann,Madden,36,F,161 Radde Place,Farmex,mannmadden@farmex.com,Thermal,LA
175,175,16213,Montoya,Donaldson,28,F,481 Morton Street,Envire,montoyadonaldson@envire.com,Delco,MA
182,182,7803,Manuela,Dillon,21,M,742 Garnet Street,Moreganic,manueladillon@moreganic.com,Ilchester,TX
187,187,26581,Autumn,Hodges,35,M,757 Granite Street,Ezentia,autumnhodges@ezentia.com,Martinsville,KY
194,194,16311,Beck,Rosario,39,M,721 Cambridge Place,Zoid,beckrosario@zoid.com,Efland,ID
199,199,18086,Branch,Love,26,M,458 Commercial Street,Frolix,branchlove@frolix.com,Caspar,NC
202,202,26466,Medina,Brown,31,F,519 Sunnyside Court,Bleendot,medinabrown@bleendot.com,Winfred,MI
207,207,45535,Evelyn,Lara,35,F,636 Chestnut Street,Ultrasure,evelynlara@ultrasure.com,Logan,MI
214,214,24418,Luann,Faulkner,37,F,697 Hazel Court,Zolar,luannfaulkner@zolar.com,Ticonderoga,TX
219,219,17127,Edwards,Hurley,25,M,834 Stockholm Street,Austech,edwardshurley@austech.com,Bayview,NV
221,221,15803,Benjamin,Barrera,34,M,568 Main Street,Zaphire,benjaminbarrera@zaphire.com,Germanton,WY
226,226,37720,Wilkins,Brady,40,F,486 Baltic Street,Dogtown,wilkinsbrady@dogtown.com,Condon,MT
233,233,23020,Washington,Walsh,27,M,366 Church Avenue,Candecor,washingtonwalsh@candecor.com,Westphalia,MA
238,238,21287,Constance,Wong,28,M,496 Brown Street,Grainspot,constancewong@grainspot.com,Cecilia,IN
240,240,49741,Oconnor,Clay,35,F,659 Highland Boulevard,Franscene,oconnorclay@franscene.com,Kilbourne,NH
245,245,22026,Fran,Bolton,28,F,147 Jerome Street,Solaren,franbolton@solaren.com,Nash,RI
252,252,18831,Elvia,Poole,22,F,836 Delevan Street,Velity,elviapoole@velity.com,Groveville,MI
257,257,5318,Olive,Oneil,35,F,457 Decatur Street,Helixo,oliveoneil@helixo.com,Chicopee,MI
264,264,22084,Samantha,Ferrell,35,F,488 Fulton Street,Flum,samanthaferrell@flum.com,Brandywine,MT
269,269,43317,Crosby,Figueroa,34,M,910 Aurelia Court,Pyramia,crosbyfigueroa@pyramia.com,Leyner,OH
271,271,11864,Holt,Walter,30,F,645 Poplar Avenue,Grupoli,holtwalter@grupoli.com,Mansfield,OR
276,276,11606,Pittman,Mathis,23,F,567 Charles Place,Zuvy,pittmanmathis@zuvy.com,Roeville,KY
283,283,24070,Fuentes,Foley,30,M,729 Walker Court,Knowlysis,fuentesfoley@knowlysis.com,Tryon,TN
288,288,27243,Wong,Stone,39,F,440 Willoughby Street,Zentix,wongstone@zentix.com,Wheatfields,DC
290,290,26103,Neva,Burgess,37,F,985 Wyona Street,Slofast,nevaburgess@slofast.com,Cawood,DC
295,295,37358,Howe,Nash,20,M,833 Union Avenue,Aquacine,howenash@aquacine.com,Indio,MN
303,303,21976,Huffman,Green,24,F,455 Colby Court,Comtest,huffmangreen@comtest.com,Weeksville,UT
308,308,33989,Glass,Schroeder,25,F,670 Veterans Avenue,Realmo,glassschroeder@realmo.com,Gratton,NY
310,310,23049,Shannon,Morton,39,F,412 Pleasant Place,Ovation,shannonmorton@ovation.com,Edgar,AZ
315,315,1314,Clare,Morrow,33,F,728 Madeline Court,Gaptec,claremorrow@gaptec.com,Mapletown,PA
322,322,6303,Gilliam,Horne,27,M,414 Florence Avenue,Shepard,gilliamhorne@shepard.com,Winesburg,WY
327,327,29294,Nell,Contreras,27,M,694 Gold Street,Momentia,nellcontreras@momentia.com,Cumminsville,AL
334,334,9178,Cross,Floyd,21,F,815 Herkimer Court,Maroptic,crossfloyd@maroptic.com,Kraemer,AK
339,339,3992,Franco,Welch,38,F,776 Brightwater Court,Earthplex,francowelch@earthplex.com,Naomi,ME
341,341,44367,Alberta,Bradford,30,F,670 Grant Avenue,Bugsall,albertabradford@bugsall.com,Romeville,MT
346,346,26594,Shelby,Sanchez,36,F,257 Fillmore Avenue,Geekus,shelbysanchez@geekus.com,Seymour,CO
353,353,45182,Rivera,Sherman,37,M,603 Garden Place,Bovis,riverasherman@bovis.com,Otranto,CA
358,358,44043,Hale,Baldwin,40,F,845 Menahan Street,Kidgrease,halebaldwin@kidgrease.com,Day,AK
360,360,26651,Ward,Hicks,34,F,592 Brighton Court,Biotica,wardhicks@biotica.com,Kanauga,VT
365,365,3176,Sanders,Holder,31,F,453 Cypress Court,Geekola,sandersholder@geekola.com,Staples,TN
372,372,28566,Alba,Forbes,24,M,814 Meserole Avenue,Isostream,albaforbes@isostream.com,Clarence,OR
377,377,5374,Margo,Gay,34,F,613 Chase Court,Rotodyne,margogay@rotodyne.com,Waumandee,KS
384,384,48758,Sallie,Houston,31,F,836 Polar Street,Squish,salliehouston@squish.com,Morningside,NC
389,389,8839,York,Cummings,27,M,778 Centre Street,Insurity,yorkcummings@insurity.com,Freeburn,RI
391,391,14733,Holman,Jordan,30,M,391 Forrest Street,Maineland,holmanjordan@maineland.com,Cade,CT
396,396,14613,Marsha,Elliott,38,F,297 Liberty Avenue,Orbiflex,marshaelliott@orbiflex.com,Windsor,TX
404,404,34978,Massey,Becker,26,F,930 Pitkin Avenue,Genekom,masseybecker@genekom.com,Blairstown,OR
409,409,36960,Maura,Glenn,31,M,183 Poly Place,Viagreat,mauraglenn@viagreat.com,Foscoe,DE
411,411,1172,Guzman,Whitfield,22,M,181 Perry Terrace,Springbee,guzmanwhitfield@springbee.com,Balm,IN
416,416,27169,Hunt,Schwartz,28,F,461 Havens Place,Danja,huntschwartz@danja.com,Grenelefe,NV
423,423,38852,Hines,Underwood,21,F,284 Louise Terrace,Namegen,hinesunderwood@namegen.com,Downsville,CO
428,428,13925,Stephens,Cain,20,F,189 Summit Street,Rocklogic,stephenscain@rocklogic.com,Bourg,HI
430,430,15251,Alejandra,Chavez,34,M,651 Butler Place,Gology,alejandrachavez@gology.com,Allensworth,VT
435,435,14654,Sue,Lopez,22,F,632 Stone Avenue,Emergent,suelopez@emergent.com,Waterford,TN
442,442,36211,Lawanda,Leon,27,F,126 Canal Avenue,Xixan,lawandaleon@xixan.com,Berwind,TN
447,447,11402,Lucia,Livingston,35,M,773 Lake Avenue,Soprano,lucialivingston@soprano.com,Edgewater,TN
454,454,31687,Alicia,Rollins,22,F,483 Verona Place,Boilcat,aliciarollins@boilcat.com,Lutsen,MD
459,459,18869,Pamela,Henry,20,F,361 Locust Avenue,Imageflow,pamelahenry@imageflow.com,Greenfields,OH
461,461,38807,Mcbride,Padilla,34,F,550 Borinquen Pl,Zepitope,mcbridepadilla@zepitope.com,Emory,AZ
466,466,25109,Marcie,Mcmillan,30,F,947 Gain Court,Entroflex,marciemcmillan@entroflex.com,Ronco,ND
473,473,5391,Susan,Luna,25,F,521 Bogart Street,Zaya,susanluna@zaya.com,Grazierville,MI
478,478,28044,Dana,Decker,35,M,627 Dobbin Street,Acrodance,danadecker@acrodance.com,Sharon,MN
480,480,40807,Anastasia,Parker,24,M,650 Folsom Place,Zilladyne,anastasiaparker@zilladyne.com,Oberlin,WY
485,485,44235,Albert,Roberts,40,M,385 Harman Street,Stralum,albertroberts@stralum.com,Watrous,NM
492,492,31055,Burnett,Briggs,35,M,987 Cass Place,Pharmex,burnettbriggs@pharmex.com,Cornfields,TX
497,497,13493,Doyle,Jenkins,30,M,205 Nevins Street,Unia,doylejenkins@unia.com,Nicut,DC
500,500,39143,Pope,Keith,28,F,537 Fane Court,Zboo,popekeith@zboo.com,Courtland,AL
505,505,45493,Shelley,Webb,29,M,873 Crawford Avenue,Quadeebo,shelleywebb@quadeebo.com,Topanga,IL
512,512,47432,Alisha,Morales,29,M,623 Batchelder Street,Terragen,alishamorales@terragen.com,Gilmore,VA
517,517,3022,Allyson,Walls,38,F,334 Coffey Street,Gorganic,allysonwalls@gorganic.com,Dahlen,GA
524,524,49334,Salas,Farley,30,F,499 Trucklemans Lane,Xumonk,salasfarley@xumonk.com,Noxen,AL
529,529,21788,Deann,Fisher,23,F,511 Buffalo Avenue,Twiist,deannfisher@twiist.com,Templeton,WA
531,531,39770,Janet,Pena,38,M,645 Livonia Avenue,Corecom,janetpena@corecom.com,Garberville,OK
536,536,6255,Emma,Adkins,33,F,971 Calder Place,Ontagene,emmaadkins@ontagene.com,Ruckersville,GA
543,543,48022,Marina,Rasmussen,31,M,446 Love Lane,Crustatia,marinarasmussen@crustatia.com,Statenville,MD
548,548,36930,Sandra,Andrews,37,M,973 Prospect Street,Datagene,sandraandrews@datagene.com,Inkerman,MO
550,550,32238,Walsh,Goodwin,22,M,953 Canda Avenue,Proflex,walshgoodwin@proflex.com,Ypsilanti,MT
555,555,10750,Fannie,Slater,31,M,457 Tech Place,Kineticut,fannieslater@kineticut.com,Basye,MO
562,562,10737,Sarah,Strong,39,F,177 Pioneer Street,Megall,sarahstrong@megall.com,Ladera,WY
567,567,6507,Diana,Dominguez,40,M,419 Albany Avenue,Ohmnet,dianadominguez@ohmnet.com,Wildwood,TX
574,574,32954,Andrea,Mosley,24,M,368 Throop Avenue,Musix,andreamosley@musix.com,Blende,DC
579,579,12044,Banks,Sawyer,36,M,652 Doone Court,Rooforia,bankssawyer@rooforia.com,Foxworth,ND
581,581,16525,Fuller,Mcintyre,32,M,169 Bergen Place,Applideck,fullermcintyre@applideck.com,Kenvil,NY
586,586,13644,Love,Velasquez,26,F,290 Girard Street,Zomboid,lovevelasquez@zomboid.com,Villarreal,SD
593,593,41230,Muriel,Vazquez,37,M,395 Montgomery Street,Sustenza,murielvazquez@sustenza.com,Strykersville,OK
598,598,33251,Morgan,Coleman,33,M,324 McClancy Place,Aclima,morgancoleman@aclima.com,Bowden,WA
601,601,20796,Vickie,Valentine,34,F,432 Bassett Avenue,Comvene,vickievalentine@comvene.com,Teasdale,UT
606,606,28770,Michael,Bray,31,M,935 Lake Place,Telepark,michaelbray@telepark.com,Lemoyne,CT
613,613,39340,Eddie,Mccarty,34,F,971 Richards Street,Bisba,eddiemccarty@bisba.com,Fruitdale,NY
618,618,8976,Cheri,Ford,30,F,803 Ridgewood Avenue,Zorromop,cheriford@zorromop.com,Gambrills,VT
620,620,7224,Coleen,Bartlett,38,M,761 Carroll Street,Idealis,coleenbartlett@idealis.com,Mathews,DE
625,625,46010,Cynthia,Johnston,23,M,142 Box Street,Zentry,cynthiajohnston@zentry.com,Makena,MA
632,632,40470,Kay,Warren,20,F,422 Alabama Avenue,Realysis,kaywarren@realysis.com,Homestead,HI
637,637,3169,Kathy,Carter,27,F,410 Jamison Lane,Limage,kathycarter@limage.com,Ernstville,WA
644,644,44021,Etta,Miller,21,F,376 Lawton Street,Bluegrain,ettamiller@bluegrain.com,Baker,MD
649,649,20275,Jeanine,Malone,26,F,114 Dodworth Street,Nixelt,jeaninemalone@nixelt.com,Keyport,AK
651,651,18360,Young,Reeves,34,M,581 Plaza Street,Krog,youngreeves@krog.com,Sussex,WY
656,656,21632,Olson,Hunt,36,M,342 Jaffray Street,Volax,olsonhunt@volax.com,Bangor,WA
663,663,2456,Rollins,Richards,37,M,129 Sullivan Place,Geostele,rollinsrichards@geostele.com,Morgandale,FL
668,668,45069,Potter,Michael,27,M,803 Glenmore Avenue,Ontality,pottermichael@ontality.com,Newkirk,KS
670,670,10178,Ollie,Riley,22,M,252 Jackson Place,Adornica,ollieriley@adornica.com,Brethren,WI
675,675,36102,Fisher,Shepard,27,F,859 Varick Street,Qot,fishershepard@qot.com,Diaperville,MD
682,682,14168,Anne,Hale,22,F,708 Anthony Street,Cytrek,annehale@cytrek.com,Beechmont,WV
687,687,48630,Caroline,Cox,31,M,626 Hillel Place,Opticon,carolinecox@opticon.com,Loma,ND
694,694,33125,Craig,Palmer,31,F,273 Montrose Avenue,Comvey,craigpalmer@comvey.com,Cleary,OK
699,699,4156,Gallagher,Marshall,37,F,648 Clifford Place,Exiand,gallaghermarshall@exiand.com,Belfair,KY
702,702,46490,Meadows,Delgado,26,M,612 Jardine Place,Daisu,meadowsdelgado@daisu.com,Venice,AR
707,707,30325,Sonya,Trevino,30,F,181 Irving Place,Atgen,sonyatrevino@atgen.com,Enetai,TN
714,714,16602,Socorro,Murray,34,F,810 Manhattan Court,Isoswitch,socorromurray@isoswitch.com,Jugtown,AZ
719,719,33107,Leanna,Reed,25,F,528 Krier Place,Rodeology,leannareed@rodeology.com,Carrizo,WI
721,721,32958,Mara,Dickson,26,M,810 Harrison Avenue,Comtours,maradickson@comtours.com,Thynedale,DE
726,726,44737,Rosemary,Salazar,21,M,290 Croton Loop,Rockabye,rosemarysalazar@rockabye.com,Helen,IA
733,733,15722,Lakeisha,Mccarthy,37,M,782 Turnbull Avenue,Exosis,lakeishamccarthy@exosis.com,Caberfae,NM
738,738,44936,Rosalind,Hunter,32,M,644 Eaton Court,Zolarity,rosalindhunter@zolarity.com,Cataract,SD
740,740,6143,Chambers,Hahn,22,M,937 Windsor Place,Medalert,chambershahn@medalert.com,Dorneyville,DC
745,745,4572,Jacobs,Sweeney,32,M,189 Lott Place,Comtent,jacobssweeney@comtent.com,Advance,NJ
752,752,14039,Jerry,Rush,31,M,632 Dank Court,Ebidco,jerryrush@ebidco.com,Geyserville,AR
757,757,34628,Mccullough,Moore,30,F,304 Hastings Street,Nikuda,mcculloughmoore@nikuda.com,Charco,DC
764,764,3728,Noemi,Gill,30,M,427 Chester Street,Avit,noemigill@avit.com,Chesterfield,AL
769,769,15362,Francis,Beck,28,M,454 Livingston Street,Furnafix,francisbeck@furnafix.com,Dunnavant,HI
771,771,32784,Jocelyn,Boone,23,M,513 Division Avenue,Collaire,jocelynboone@collaire.com,Lisco,VT
776,776,29177,Duke,Atkinson,24,M,520 Doscher Street,Tripsch,dukeatkinson@tripsch.com,Lafferty,NC
783,783,11911,Faith,Cooper,25,F,539 Rapelye Street,Insuron,faithcooper@insuron.com,Jennings,MN
788,788,12473,Marianne,Aguilar,39,F,213 Holly Street,Marqet,marianneaguilar@marqet.com,Alfarata,HI
790,790,29912,Ellis,Sullivan,39,F,877 Coyle Street,Enersave,ellissullivan@enersave.com,Canby,MS
795,795,31450,Bruce,Avila,34,M,865 Newkirk Placez,Plasmosis,bruceavila@plasmosis.com,Ada,ID
803,803,49567,Marissa,Spears,25,M,963 Highland Avenue,Centregy,marissaspears@centregy.com,Bloomington,MS
808,808,11251,Nola,Quinn,20,M,863 Wythe Place,Iplax,nolaquinn@iplax.com,Cuylerville,NH
810,810,10563,Alyssa,Ortega,40,M,977 Clymer Street,Eventage,alyssaortega@eventage.com,Convent,SC
815,815,19336,Guthrie,Morse,30,M,685 Vandalia Avenue,Gronk,guthriemorse@gronk.com,Fowlerville,OR
822,822,13024,Hicks,Farrell,25,M,468 Middleton Street,Zolarex,hicksfarrell@zolarex.com,Columbus,OR
827,827,37536,Naomi,Ball,29,F,319 Stewart Street,Isotronic,naomiball@isotronic.com,Trona,NM
834,834,38049,Sybil,Carrillo,25,M,359 Baughman Place,Phuel,sybilcarrillo@phuel.com,Kohatk,CT
839,839,38292,Langley,Neal,39,F,565 Newton Street,Liquidoc,langleyneal@liquidoc.com,Osage,AL
841,841,28291,Dalton,Waters,21,M,859 Grand Street,Malathion,daltonwaters@malathion.com,Tonopah,AZ
846,846,35099,Maureen,Glass,22,M,140 Amherst Street,Stelaecor,maureenglass@stelaecor.com,Cucumber,IL
853,853,38353,Travis,Parks,40,M,930 Bay Avenue,Pyramax,travisparks@pyramax.com,Gadsden,ND
858,858,23194,Small,Hatfield,36,M,593 Tennis Court,Letpro,smallhatfield@letpro.com,Haena,KS
860,860,23613,Clark,Boyd,37,M,501 Rock Street,Deepends,clarkboyd@deepends.com,Whitewater,MA
865,865,10574,Cook,Kelley,28,F,865 Lincoln Terrace,Quizmo,cookkelley@quizmo.com,Kansas,KY
872,872,26314,Jane,Greer,36,F,717 Hewes Street,Newcube,janegreer@newcube.com,Delshire,DE
877,877,42879,Tracey,Ruiz,34,F,141 Tompkins Avenue,Waab,traceyruiz@waab.com,Zeba,NM
884,884,29316,Reva,Rosa,40,M,784 Greene Avenue,Urbanshee,revarosa@urbanshee.com,Bakersville,MS
889,889,26464,Fischer,Klein,38,F,948 Juliana Place,Comtext,fischerklein@comtext.com,Jackpot,PA
891,891,34829,Jacobson,Clemons,24,F,507 Wilson Street,Quilm,jacobsonclemons@quilm.com,Muir,TX
896,896,31947,Buckley,Peterson,26,M,217 Beayer Place,Earwax,buckleypeterson@earwax.com,Franklin,DE
904,904,27707,Mendez,Mcneil,26,M,431 Halsey Street,Macronaut,mendezmcneil@macronaut.com,Troy,OK
909,909,18421,Stark,Lewis,36,M,409 Tilden Avenue,Frosnex,starklewis@frosnex.com,Axis,CA
911,911,42655,Annie,Lyons,21,M,518 Woods Place,Enerforce,annielyons@enerforce.com,Stagecoach,MA
916,916,47887,Jarvis,Alexander,40,M,406 Bergen Avenue,Equitax,jarvisalexander@equitax.com,Haring,KY
923,923,48466,Mueller,Mckee,26,M,298 Ruby Street,Luxuria,muellermckee@luxuria.com,Coleville,TN
928,928,19611,Hester,Copeland,22,F,425 Cropsey Avenue,Dymi,hestercopeland@dymi.com,Wolcott,NE
930,930,47257,Kinney,Lawson,39,M,501 Raleigh Place,Neptide,kinneylawson@neptide.com,Deltaville,MD
935,935,4959,Flowers,Robles,30,M,201 Hull Street,Xelegyl,flowersrobles@xelegyl.com,Rehrersburg,AL
942,942,21299,Hamilton,Clayton,26,M,413 Debevoise Street,Architax,hamiltonclayton@architax.com,Terlingua,NM
947,947,22039,Virgie,Garza,30,M,903 Matthews Court,Plasmox,virgiegarza@plasmox.com,Somerset,WY
954,954,49404,Jenna,Martin,22,M,688 Hart Street,Zinca,jennamartin@zinca.com,Oasis,MD
959,959,34743,Shaffer,Cervantes,40,M,931 Varick Avenue,Oceanica,shaffercervantes@oceanica.com,Bowie,AL
961,961,43219,Betsy,Hyde,27,F,183 Junius Street,Tubalum,betsyhyde@tubalum.com,Driftwood,TX
966,966,20619,Susanne,Rodriguez,35,F,255 Knickerbocker Avenue,Comtrek,susannerodriguez@comtrek.com,Trinway,TX
973,973,45756,Rice,Farmer,31,M,476 Nassau Avenue,Photobin,ricefarmer@photobin.com,Suitland,ME
978,978,21459,Melanie,Rojas,33,M,991 Java Street,Kage,melanierojas@kage.com,Greenock,VT
980,980,42436,Cash,Collier,33,F,999 Sapphire Street,Ceprene,cashcollier@ceprene.com,Glidden,AK
985,985,20083,Martin,Gardner,28,F,644 Fairview Place,Golistic,martingardner@golistic.com,Connerton,NJ
992,992,11413,Kristie,Kennedy,33,F,750 Hudson Avenue,Ludak,kristiekennedy@ludak.com,Warsaw,WY
997,997,25311,Combs,Frederick,20,M,586 Lloyd Court,Pathways,combsfrederick@pathways.com,Williamson,CA
3,3,44947,Levine,Burks,26,F,328 Wilson Avenue,Amtap,levineburks@amtap.com,Cochranville,HI
8,8,48868,Jan,Burns,35,M,699 Visitation Place,Glasstep,janburns@glasstep.com,Wakulla,AZ
10,10,46170,Dominique,Park,37,F,100 Gatling Place,Conjurica,dominiquepark@conjurica.com,Omar,NJ
15,15,43456,Bobbie,Sexton,21,M,232 Sedgwick Place,Zytrex,bobbiesexton@zytrex.com,Hendersonville,CA
22,22,40283,Barrera,Terrell,23,F,292 Orange Street,Steelfab,barreraterrell@steelfab.com,Bynum,ME
27,27,6176,Meyers,Williamson,26,F,675 Henderson Walk,Plexia,meyerswilliamson@plexia.com,Richmond,AZ
34,34,35379,Ellison,Kim,30,F,986 Revere Place,Signity,ellisonkim@signity.com,Sehili,IL
39,39,38688,Bowers,Mendez,22,F,665 Bennet Court,Farmage,bowersmendez@farmage.com,Duryea,PA
41,41,36060,Hancock,Holden,20,M,625 Gaylord Drive,Poochies,hancockholden@poochies.com,Alamo,KS
46,46,12351,Karla,Bowman,23,M,554 Chapel Street,Undertap,karlabowman@undertap.com,Sylvanite,DC
53,53,28101,Kathryn,Payne,29,F,467 Louis Place,Katakana,kathrynpayne@katakana.com,Harviell,SD
58,58,31697,Marva,Cannon,40,M,993 Highland Place,Comcubine,marvacannon@comcubine.com,Orviston,MO
60,60,45955,Maude,Casey,31,F,566 Strauss Street,Quilch,maudecasey@quilch.com,Enlow,GA
65,65,23282,Leonor,Pruitt,24,M,974 Terrace Place,Velos,leonorpruitt@velos.com,Devon,WI
72,72,9732,Barlow,Rhodes,25,F,891 Clinton Avenue,Zialactic,barlowrhodes@zialactic.com,Echo,TN
77,77,5724,Byrd,Conley,24,F,698 Belmont Avenue,Zidox,byrdconley@zidox.com,Rockbridge,SC
84,84,3001,Hutchinson,Newton,34,F,553 Locust Street,Zaggles,hutchinsonnewton@zaggles.com,Snyderville,DC
89,89,13263,Mcdowell,Bradley,28,M,960 Howard Alley,Grok,mcdowellbradley@grok.com,Toftrees,TX
91,91,29799,Vonda,Galloway,20,M,988 Voorhies Avenue,Illumity,vondagalloway@illumity.com,Holcombe,HI
96,96,15933,Shirley,Edwards,38,M,817 Caton Avenue,Equitox,shirleyedwards@equitox.com,Nelson,MA
104,104,32619,Casey,Roth,29,M,963 Railroad Avenue,Hotcakes,caseyroth@hotcakes.com,Davenport,OH
109,109,25812,Gretchen,Dawson,31,M,610 Bethel Loop,Tetak,gretchendawson@tetak.com,Hailesboro,CO
111,111,1481,Traci,Allison,35,M,922 Bryant Street,Enjola,traciallison@enjola.com,Robinette,OR
116,116,21335,Hobbs,Wright,24,M,965 Temple Court,Netbook,hobbswright@netbook.com,Strong,CA
123,123,3079,Cleo,Beach,27,F,653 Haring Street,Proxsoft,cleobeach@proxsoft.com,Greensburg,ME
128,128,3556,Mack,Bullock,34,F,462 Ingraham Street,Terascape,mackbullock@terascape.com,Eureka,PA
130,130,24171,Roxie,Cantu,33,M,841 Catherine Street,Skybold,roxiecantu@skybold.com,Deputy,NE
135,135,24885,Stevenson,Crosby,40,F,473 Boardwalk ,Accel,stevensoncrosby@accel.com,Norris,OK
142,142,4544,Vang,Hughes,27,M,357 Landis Court,Bolax,vanghughes@bolax.com,Emerald,WY
147,147,35921,Charmaine,Whitney,28,F,484 Seton Place,Comveyer,charmainewhitney@comveyer.com,Dexter,DC
154,154,40945,Burns,Solis,31,M,274 Lorraine Street,Rodemco,burnssolis@rodemco.com,Ballico,WI
159,159,1696,Alvarez,Mack,22,F,897 Manor Court,Snorus,alvarezmack@snorus.com,Rosedale,CA
161,161,4659,Doreen,Randall,37,F,178 Court Street,Calcula,doreenrandall@calcula.com,Belmont,TX
166,166,33847,Rutledge,Rivas,23,M,352 Verona Street,Virxo,rutledgerivas@virxo.com,Brandermill,NE
173,173,5989,Whitley,Blevins,32,M,127 Brooklyn Avenue,Pawnagra,whitleyblevins@pawnagra.com,Rodanthe,ND
178,178,36735,Clements,Finley,39,F,270 Story Court,Imaginart,clementsfinley@imaginart.com,Lookingglass,MN
180,180,34236,Ursula,Goodman,32,F,414 Clinton Street,Earthmark,ursulagoodman@earthmark.com,Rote,AR
185,185,43532,Laurel,Cline,40,M,788 Fenimore Street,Prismatic,laurelcline@prismatic.com,Frank,UT
192,192,23508,Ramsey,Carr,31,F,209 Williamsburg Street,Strezzo,ramseycarr@strezzo.com,Grapeview,NM
197,197,17246,Sweet,Sanders,33,F,712 Homecrest Court,Isosure,sweetsanders@isosure.com,Sheatown,VT
200,200,26210,Teri,Hester,39,M,653 Abbey Court,Electonic,terihester@electonic.com,Martell,MD
205,205,45493,Johnson,Chang,28,F,331 John Street,Gleamink,johnsonchang@gleamink.com,Sultana,KS
212,212,10299,Marisol,Fischer,39,M,362 Prince Street,Autograte,marisolfischer@autograte.com,Oley,SC
217,217,33730,Sally,Mccoy,38,F,854 Corbin Place,Omnigog,sallymccoy@omnigog.com,Escondida,FL
224,224,42708,Billie,Nixon,28,F,241 Kaufman Place,Xanide,billienixon@xanide.com,Chapin,NY
229,229,2740,Jana,Hensley,30,M,176 Erasmus Street,Isotrack,janahensley@isotrack.com,Caledonia,ME
231,231,46180,Essie,Clarke,34,F,308 Harbor Lane,Pharmacon,essieclarke@pharmacon.com,Fillmore,MS
236,236,41200,Suzanne,Bird,39,F,219 Luquer Street,Imant,suzannebird@imant.com,Bainbridge,NY
243,243,29902,Evangelina,Perez,20,M,787 Joval Court,Keengen,evangelinaperez@keengen.com,Mulberry,SD
248,248,49989,West,England,36,M,717 Hendrickson Place,Obliq,westengland@obliq.com,Maury,WA
250,250,27893,Earlene,Ellis,39,F,512 Bay Street,Codact,earleneellis@codact.com,Sunwest,GA
255,255,49339,Iva,Rivers,38,M,470 Rost Place,Mantrix,ivarivers@mantrix.com,Disautel,MD
262,262,30289,Tameka,Levine,36,F,815 Atlantic Avenue,Acium,tamekalevine@acium.com,Winchester,SD
267,267,42753,Weeks,Castillo,21,F,526 Holt Court,Talendula,weekscastillo@talendula.com,Washington,NV
274,274,12104,Frieda,House,33,F,171 Banker Street,Quonk,friedahouse@quonk.com,Aberdeen,NJ
279,279,15904,Chapman,Hart,32,F,902 Bliss Terrace,Kongene,chapmanhart@kongene.com,Bradenville,NJ
281,281,39830,Bean,Aguirre,20,F,133 Pilling Street,Amril,beanaguirre@amril.com,Waterview,TX
286,286,39063,Rosetta,Turner,35,M,169 Jefferson Avenue,Spacewax,rosettaturner@spacewax.com,Stewart,MO
293,293,29867,Cruz,Carver,28,F,465 Boerum Place,Vitricomp,cruzcarver@vitricomp.com,Crayne,CO
298,298,34334,Bullock,Marsh,20,M,589 Virginia Place,Renovize,bullockmarsh@renovize.com,Coinjock,UT
301,301,16782,Minerva,Graham,35,M,532 Harrison Place,Sureplex,minervagraham@sureplex.com,Belleview,GA
306,306,2171,Hensley,Hardin,40,M,196 Maujer Street,Neocent,hensleyhardin@neocent.com,Reinerton,HI
313,313,34108,Alston,Henderson,36,F,132 Prescott Place,Prosure,alstonhenderson@prosure.com,Worton,IA
318,318,8512,Nichole,Pearson,34,F,656 Lacon Court,Yurture,nicholepearson@yurture.com,Juarez,MO
320,320,34521,Patti,Brennan,37,F,870 Degraw Street,Cognicode,pattibrennan@cognicode.com,Torboy,FL
325,325,1956,Magdalena,Simmons,25,F,681 Townsend Street,Geekosis,magdalenasimmons@geekosis.com,Sterling,CA
332,332,37770,Shepherd,Davenport,28,F,586 Montague Terrace,Ecraze,shepherddavenport@ecraze.com,Accoville,NM
337,337,43432,Monroe,Stafford,37,F,183 Seigel Street,Centuria,monroestafford@centuria.com,Camino,DE
344,344,42654,Sasha,Baxter,35,F,700 Bedford Place,Callflex,sashabaxter@callflex.com,Campo,MI
349,349,24180,Allison,Fitzpatrick,22,F,913 Arlington Avenue,Veraq,allisonfitzpatrick@veraq.com,Marbury,TX
351,351,47089,Hendrix,Stephens,29,M,181 Beaver Street,Recrisys,hendrixstephens@recrisys.com,Denio,OR
356,356,34540,Lourdes,Valdez,20,F,700 Anchorage Place,Interloo,lourdesvaldez@interloo.com,Goldfield,OK
363,363,34007,Peggy,Bright,21,M,613 Engert Avenue,Inventure,peggybright@inventure.com,Chautauqua,ME
368,368,23535,Hooper,Tyson,39,M,892 Taaffe Place,Zaggle,hoopertyson@zaggle.com,Nutrioso,ME
370,370,28499,Oneill,Carney,25,F,773 Adelphi Street,Bedder,oneillcarney@bedder.com,Yorklyn,FL
375,375,23860,Phoebe,Patton,25,M,564 Hale Avenue,Xoggle,phoebepatton@xoggle.com,Brule,NM
382,382,42061,Finley,Singleton,37,F,407 Clay Street,Quarex,finleysingleton@quarex.com,Bedias,LA
387,387,35916,April,Hill,29,M,818 Bayard Street,Kengen,aprilhill@kengen.com,Chloride,NC
394,394,6121,Lorrie,Nunez,38,M,221 Ralph Avenue,Bullzone,lorrienunez@bullzone.com,Longoria,ID
399,399,32587,Carmela,Franks,23,M,617 Dewey Place,Zensure,carmelafranks@zensure.com,Sanders,DC
402,402,1282,Pacheco,Rosales,32,M,538 Pershing Loop,Circum,pachecorosales@circum.com,Elbert,ID
407,407,36417,Gilda,Jacobson,29,F,883 Loring Avenue,Comveyor,gildajacobson@comveyor.com,Topaz,NH
414,414,17506,Conway,Daugherty,37,F,643 Kermit Place,Lyria,conwaydaugherty@lyria.com,Vaughn,NV
419,419,34847,Helen,Montoya,29,F,736 Kingsland Avenue,Hairport,helenmontoya@hairport.com,Edinburg,NE
421,421,46868,Tamika,Mccall,27,F,764 Bragg Court,Eventix,tamikamccall@eventix.com,Tivoli,RI
426,426,4499,Julie,Parsons,31,M,768 Keap Street,Goko,julieparsons@goko.com,Coldiron,VA
433,433,19266,Wilkinson,Flowers,39,M,154 Douglass Street,Xsports,wilkinsonflowers@xsports.com,Coultervillle,MN
438,438,16367,Walter,Velez,27,F,931 Farragut Road,Virva,waltervelez@virva.com,Tyro,WV
440,440,41590,Ray,Wiley,31,F,102 Barwell Terrace,Polaria,raywiley@polaria.com,Hardyville,IA
445,445,41178,Rodriguez,Macias,34,M,164 Boerum Street,Xylar,rodriguezmacias@xylar.com,Riner,AL
452,452,3589,Blackwell,Delaney,39,F,443 Sackett Street,Imkan,blackwelldelaney@imkan.com,Gasquet,DC
457,457,14057,Bush,Gordon,34,M,975 Dakota Place,Softmicro,bushgordon@softmicro.com,Chemung,PA
464,464,20504,Cobb,Humphrey,21,M,823 Sunnyside Avenue,Apexia,cobbhumphrey@apexia.com,Wintersburg,NY
469,469,26509,Marci,Shepherd,26,M,565 Hall Street,Shadease,marcishepherd@shadease.com,Springhill,IL
471,471,7629,Juana,Silva,36,M,249 Amity Street,Artworlds,juanasilva@artworlds.com,Norfolk,TX
476,476,33386,Silva,Marks,31,F,183 Eldert Street,Medifax,silvamarks@medifax.com,Hachita,RI
483,483,6344,Kelley,Harper,29,M,758 Preston Court,Xyqag,kelleyharper@xyqag.com,Healy,IA
488,488,6289,Wilma,Hopkins,38,M,428 Lee Avenue,Entality,wilmahopkins@entality.com,Englevale,WI
490,490,1447,Strong,Hendrix,26,F,134 Beach Place,Duoflex,stronghendrix@duoflex.com,Allentown,ND
495,495,13478,Abigail,Nichols,40,F,887 President Street,Enquility,abigailnichols@enquility.com,Bagtown,NM
503,503,42649,Leta,Stout,39,F,518 Bowery Street,Pivitol,letastout@pivitol.com,Boonville,ND
508,508,41300,Lawrence,Mathews,27,F,987 Rose Street,Deviltoe,lawrencemathews@deviltoe.com,Woodburn,FL
510,510,48504,Petty,Sykes,28,M,566 Village Road,Nebulean,pettysykes@nebulean.com,Wedgewood,MO
515,515,18531,Lott,Keller,27,M,827 Miami Court,Translink,lottkeller@translink.com,Gila,TX
522,522,19879,Faulkner,Garrett,29,F,396 Grove Place,Pigzart,faulknergarrett@pigzart.com,Felt,AR
527,527,2028,Carver,Peters,35,M,816 Victor Road,Housedown,carverpeters@housedown.com,Nadine,MD
534,534,20470,Cristina,Russo,25,F,500 Highlawn Avenue,Cyclonica,cristinarusso@cyclonica.com,Gorst,KS
539,539,24560,Tami,Maddox,23,F,741 Pineapple Street,Accidency,tamimaddox@accidency.com,Kennedyville,OH
541,541,42915,Logan,Burke,32,M,904 Clarendon Road,Overplex,loganburke@overplex.com,Johnsonburg,OH
546,546,43242,Bernice,Sims,33,M,382 Columbia Street,Verbus,bernicesims@verbus.com,Sena,KY
553,553,28390,Aimee,Cohen,28,M,396 Lafayette Avenue,Eplode,aimeecohen@eplode.com,Thatcher,NJ
558,558,8922,Horne,Valenzuela,20,F,979 Kensington Street,Isoternia,hornevalenzuela@isoternia.com,Greenbush,NC
560,560,24514,Felecia,Oneill,26,M,995 Autumn Avenue,Mediot,feleciaoneill@mediot.com,Joppa,IN
565,565,15197,Taylor,Ingram,37,F,113 Will Place,Lyrichord,tayloringram@lyrichord.com,Collins,ME
572,572,49355,Therese,Espinoza,20,M,994 Chester Court,Gonkle,thereseespinoza@gonkle.com,Hayes,UT
577,577,21398,Gilbert,Serrano,38,F,294 Troutman Street,Senmao,gilbertserrano@senmao.com,Greer,MT
584,584,5346,Pearson,Bryant,40,F,971 Heyward Street,Anacho,pearsonbryant@anacho.com,Bluffview,MN
589,589,33260,Ericka,Cote,39,F,425 Bath Avenue,Venoflex,erickacote@venoflex.com,Blue,CT
591,591,48997,Rivers,Macdonald,34,F,919 Johnson Street,Ziore,riversmacdonald@ziore.com,Townsend,IL
596,596,4063,Letitia,Walker,26,F,963 Vanderveer Place,Zizzle,letitiawalker@zizzle.com,Rossmore,ID
604,604,10675,Isabel,Gilliam,23,M,854 Broadway ,Zenthall,isabelgilliam@zenthall.com,Ventress,WI
609,609,28586,Montgomery,Washington,30,M,169 Schroeders Avenue,Kongle,montgomerywashington@kongle.com,Croom,AZ
611,611,17528,Katherine,Prince,33,F,705 Elm Avenue,Zillacon,katherineprince@zillacon.com,Rew,MI
616,616,25276,Jessie,Mayer,35,F,683 Chester Avenue,Emtrak,jessiemayer@emtrak.com,Marysville,HI
623,623,20514,Rose,Combs,32,F,312 Grimes Road,Aquamate,rosecombs@aquamate.com,Fostoria,OH
628,628,42736,Buckner,Chen,37,M,863 Rugby Road,Jamnation,bucknerchen@jamnation.com,Camas,TX
630,630,46060,Leanne,Jones,31,M,451 Bayview Avenue,Wazzu,leannejones@wazzu.com,Kylertown,OK
635,635,44705,Norman,Gilmore,33,M,330 Gates Avenue,Comfirm,normangilmore@comfirm.com,Riceville,TN
642,642,32852,Reyna,Harris,35,M,305 Powell Street,Bedlam,reynaharris@bedlam.com,Florence,KS
647,647,10147,Annabelle,Velazquez,30,M,299 Kensington Walk,Sealoud,annabellevelazquez@sealoud.com,Soudan,ME
654,654,38695,Armstrong,Frazier,25,M,899 Seeley Street,Zensor,armstrongfrazier@zensor.com,Cherokee,UT
659,659,29648,Dorsey,Sosa,40,M,270 Aberdeen Street,Daycore,dorseysosa@daycore.com,Chamberino,SC
661,661,3679,Joanne,Spencer,39,F,910 Montauk Avenue,Visalia,joannespencer@visalia.com,Valmy,NH
666,666,13880,Mcguire,Lloyd,40,F,658 Just Court,Centrexin,mcguirelloyd@centrexin.com,Warren,MT
673,673,11303,Mcdaniel,Harrell,33,M,565 Montgomery Place,Eyeris,mcdanielharrell@eyeris.com,Garnet,NV
678,678,43663,Ruby,Shaffer,28,M,350 Clark Street,Comtrail,rubyshaffer@comtrail.com,Aurora,MA
680,680,31561,Melton,Camacho,32,F,771 Montana Place,Insuresys,meltoncamacho@insuresys.com,Sparkill,IN
685,685,22249,Yesenia,Rowland,24,F,193 Dekalb Avenue,Coriander,yeseniarowland@coriander.com,Lupton,NC
692,692,10435,Haney,Barlow,21,F,267 Lenox Road,Egypto,haneybarlow@egypto.com,Detroit,IN
697,697,48745,Mallory,Emerson,24,F,318 Dunne Court,Exoplode,malloryemerson@exoplode.com,Montura,LA
700,700,19164,Patel,Durham,21,F,440 King Street,Icology,pateldurham@icology.com,Mammoth,IL
705,705,28415,Krystal,Cross,22,M,604 Drew Street,Tubesys,krystalcross@tubesys.com,Dalton,MO
712,712,12459,Butler,Alston,37,M,486 Hemlock Street,Quordate,butleralston@quordate.com,Verdi,MS
717,717,29270,Erickson,Mcdonald,31,M,873 Franklin Street,Exotechno,ericksonmcdonald@exotechno.com,Jessie,MS
724,724,12548,Hopper,Peck,31,M,849 Hendrickson Street,Uxmox,hopperpeck@uxmox.com,Faxon,UT
729,729,41812,Katy,Rivera,36,F,791 Olive Street,Blurrybus,katyrivera@blurrybus.com,Innsbrook,MI
731,731,4994,Lorene,Weiss,35,M,990 Ocean Court,Comvoy,loreneweiss@comvoy.com,Lavalette,WI
736,736,28677,Rogers,Mcmahon,21,F,423 Cameron Court,Brainclip,rogersmcmahon@brainclip.com,Saddlebrooke,FL
743,743,14077,Susana,Moody,23,M,842 Fountain Avenue,Bitrex,susanamoody@bitrex.com,Temperanceville,TN
748,748,38060,Ford,Branch,25,M,926 Cypress Avenue,Buzzness,fordbranch@buzzness.com,Beason,DC
750,750,40481,Cherie,Brooks,20,F,601 Woodhull Street,Kaggle,cheriebrooks@kaggle.com,Groton,MA
755,755,43878,Bartlett,Conway,22,M,453 Times Placez,Konnect,bartlettconway@konnect.com,Belva,VT
762,762,10291,Amanda,Head,20,F,990 Ocean Parkway,Zentury,amandahead@zentury.com,Hegins,AR
767,767,26220,Anthony,Sutton,27,F,179 Fayette Street,Xiix,anthonysutton@xiix.com,Iberia,TN
774,774,35287,Lynnette,Alvarez,38,F,991 Brightwater Avenue,Gink,lynnettealvarez@gink.com,Leola,NC
779,779,40983,Maggie,Pace,32,F,104 Harbor Court,Bulljuice,maggiepace@bulljuice.com,Floris,MA
781,781,29961,Sanford,Mullen,26,F,879 Dover Street,Zanity,sanfordmullen@zanity.com,Martinez,TX
786,786,3024,Rene,Vang,33,M,506 Randolph Street,Isopop,renevang@isopop.com,Vienna,NJ
793,793,16911,Alford,Compton,36,M,186 Veronica Place,Zyple,alfordcompton@zyple.com,Sugartown,AK
798,798,3165,Catherine,Ward,30,F,325 Burnett Street,Dreamia,catherineward@dreamia.com,Glenbrook,SD
801,801,14954,Molly,Maldonado,37,M,518 Maple Avenue,Straloy,mollymaldonado@straloy.com,Hebron,WI
806,806,36492,Carson,Riddle,31,M,984 Lois Avenue,Terrago,carsonriddle@terrago.com,Leland,MN
813,813,30833,Ebony,Bishop,20,M,487 Ridge Court,Optique,ebonybishop@optique.com,Fairmount,WA
818,818,24433,Espinoza,Petersen,26,M,641 Glenwood Road,Futurity,espinozapetersen@futurity.com,Floriston,MD
820,820,1011,Shepard,Ramsey,24,F,806 Village Court,Mantro,shepardramsey@mantro.com,Tibbie,NV
825,825,49000,Terra,Witt,21,F,590 Conway Street,Insectus,terrawitt@insectus.com,Forbestown,AR
832,832,8582,Laura,Gibbs,39,F,511 Osborn Street,Corepan,lauragibbs@corepan.com,Worcester,KS
837,837,14485,Amy,Villarreal,35,M,381 Stillwell Place,Fleetmix,amyvillarreal@fleetmix.com,Sanford,IA
844,844,26840,Jill,David,31,M,346 Legion Street,Zytrax,jilldavid@zytrax.com,Saticoy,SC
849,849,16200,Barry,Chapman,26,M,931 Dekoven Court,Darwinium,barrychapman@darwinium.com,Whitestone,WY
851,851,22026,Henderson,Price,33,F,530 Hausman Street,Plutorque,hendersonprice@plutorque.com,Brutus,RI
856,856,27583,Alissa,Knox,25,M,258 Empire Boulevard,Geologix,alissaknox@geologix.com,Hartsville/Hartley,MN
863,863,23165,Melendez,Fernandez,40,M,661 Johnson Avenue,Vixo,melendezfernandez@vixo.com,Farmers,IL
868,868,27624,Polly,Barron,22,M,129 Frank Court,Geofarm,pollybarron@geofarm.com,Loyalhanna,ND
870,870,43882,Goff,Phelps,21,M,164 Montague Street,Digigen,goffphelps@digigen.com,Weedville,IL
875,875,19655,Mercer,Pratt,24,M,608 Perry Place,Twiggery,mercerpratt@twiggery.com,Eggertsville,MO
882,882,10895,Mari,Landry,39,M,963 Gerald Court,Kenegy,marilandry@kenegy.com,Lithium,NC
887,887,31772,Eunice,Watts,36,F,707 Stuyvesant Avenue,Memora,eunicewatts@memora.com,Westwood,TN
894,894,1031,Tyler,Fitzgerald,32,M,787 Meserole Street,Jetsilk,tylerfitzgerald@jetsilk.com,Woodlands,WV
899,899,32953,Carney,Callahan,23,M,724 Kimball Street,Mangelica,carneycallahan@mangelica.com,Tecolotito,MT
902,902,13345,Hallie,Jarvis,23,F,237 Duryea Court,Anixang,halliejarvis@anixang.com,Boykin,IN
907,907,12961,Ingram,William,36,M,826 Overbaugh Place,Genmex,ingramwilliam@genmex.com,Kimmell,AK
914,914,7120,Esther,Bean,32,F,583 Macon Street,Applica,estherbean@applica.com,Homeworth,MN
919,919,39655,Shauna,Hanson,27,M,557 Hart Place,Exospace,shaunahanson@exospace.com,Outlook,LA
921,921,49119,Barbara,Wade,29,M,687 Hoyts Lane,Roughies,barbarawade@roughies.com,Sattley,CO
926,926,49433,Welch,Mcgowan,21,M,833 Quincy Street,Atomica,welchmcgowan@atomica.com,Hampstead,VT
933,933,18071,Tabitha,Cole,21,F,916 Rogers Avenue,Eclipto,tabithacole@eclipto.com,Lawrence,TX
938,938,9597,Sharron,Santos,40,F,215 Matthews Place,Zenco,sharronsantos@zenco.com,Wattsville,VT
940,940,23285,Melinda,Mendoza,38,M,806 Kossuth Place,Kneedles,melindamendoza@kneedles.com,Coaldale,OK
945,945,23085,Hansen,Hebert,33,F,287 Conduit Boulevard,Capscreen,hansenhebert@capscreen.com,Taycheedah,AK
952,952,21430,Angelique,Weeks,33,M,659 Reeve Place,Exodoc,angeliqueweeks@exodoc.com,Turpin,MD
957,957,11373,Michael,Giles,31,M,668 Court Square,Yogasm,michaelgiles@yogasm.com,Rosburg,WV
964,964,26154,Elena,Waller,34,F,618 Crystal Street,Insurety,elenawaller@insurety.com,Gallina,NY
969,969,22214,Briggs,Lynn,30,M,952 Lester Court,Quinex,briggslynn@quinex.com,Roland,ID
971,971,22772,Gabrielle,Reilly,32,F,964 Tudor Terrace,Blanet,gabriellereilly@blanet.com,Falmouth,AL
976,976,31707,Mullen,Tanner,26,M,711 Whitney Avenue,Pulze,mullentanner@pulze.com,Mooresburg,MA
983,983,47205,Mattie,Eaton,24,F,418 Allen Avenue,Trasola,mattieeaton@trasola.com,Dupuyer,NJ
988,988,17803,Lucy,Castro,34,F,425 Fleet Walk,Geekfarm,lucycastro@geekfarm.com,Mulino,VA
990,990,44456,Kelly,Steele,35,M,809 Hoyt Street,Eschoir,kellysteele@eschoir.com,Stewartville,ID
995,995,21153,Phelps,Parrish,25,M,666 Miller Place,Pearlessa,phelpsparrish@pearlessa.com,Brecon,ME